Smiles,nM-value,vVirus name
Cl.NC12CC3CC(CC(C3)C1)C2,1300000,Nipah virus
NC(=O)c1ncn([C@@H]2O[C@H](CO)[C@@H](O)[C@H]2O)n1,12284.50923,Nipah virus
C1CC2CC3CCC2C(C1)C3,670000,Nipah virus
CC(=O)NC12CCCC3CC(CCC31)C2,750000,Nipah virus
Cl.NC12CCCC3CC(CCC31)C2,25000,Nipah virus
OC12CCCC3CC(CCC31)C2,3000000,Nipah virus
O[C@H]1C2CCCC3C[C@H]1CC[C@H]32,900000,Nipah virus
O=C1C2CCC3C(CCCC13)C2,1200000,Nipah virus
O[C@@H]1C2CCCC3C[C@@H]1CC[C@@H]32,750000,Nipah virus
O=C(O)C12CCCC3CC(CCC31)C2,10000000,Nipah virus
COC(=O)C12CCCC3CC(CCC31)C2,80000,Nipah virus
OCC12CCCC3CC(CCC31)C2,440000,Nipah virus
NC(=O)C12CCCC3CC(CCC31)C2,2600000,Nipah virus
CCCCCCCCOC(=O)C12CCCC3CC(CCC31)C2,330000,Nipah virus
C1C[C@@H]2[C@H](C1)[C@@H]1C[C@@H]2[C@@H](C23CCCC4CC(CCC42)C3)C1,950000,Nipah virus
CNC(=O)C12CCCC3CC(CCC31)C2,3000000,Nipah virus
CCCCNC(=O)C12CCCC3CC(CCC31)C2,625000,Nipah virus
O=C(NC1CCCCC1)C12CCCC3CC(CCC31)C2,2250000,Nipah virus
O=C(NC12CC3CC(CC(C3)C1)C2)C12CCCC3CC(CCC31)C2,7500000,Nipah virus
N#CC12CCCC3CC(CCC31)C2,570000,Nipah virus
Cl.NCC12CCCC3CC(CCC31)C2,45000,Nipah virus
O=P(O)(O[C@H]1C[C@H]2C[C@H]1[C@@H]1CCC[C@H]21)O[C@H]1C[C@H]2C[C@H]1[C@@H]1CCC[C@H]21,550000,Nipah virus
O=P(O[C@H]1C[C@H]2C[C@H]1[C@@H]1CCC[C@H]21)(O[C@H]1C[C@H]2C[C@H]1[C@@H]1CCC[C@H]21)O[C@H]1C[C@H]2C[C@H]1[C@@H]1CCC[C@H]21,1000000,Nipah virus
O=c1[nH]cnc2c1cc(-c1ccccc1)n2-c1ccccc1,9397.187805,Nipah virus
CC(C)COCC(CN(Cc1ccccc1)c1ccccc1)N1CCCC1,3210,Nipah virus
CN(C)CCCN1c2ccccc2CCc2ccccc21,13200,Nipah virus
CN1[C@@H]2CC[C@H]1C[C@@H](OC(c1ccccc1)c1ccccc1)C2,8070,Nipah virus
Nc1ncnc2c([C@@H]3N[C@H](CO)[C@@H](O)[C@H]3O)c[nH]c12,3000,Nipah virus
N=C(N)c1ccc2oc(/C=C/c3nc4cc(C(=N)N)ccc4[nH]3)cc2c1,100,Nipah virus
N#Cc1c(NCCN)nc(-c2ccccc2)c2c1CCCC2,24400,Nipah virus
O=[N+]([O-])c1cc(S(=O)(=O)NCCN2CCOCC2)ccc1Sc1nnnn1-c1ccccc1,1900,Nipah virus
CN(C)CCOc1ccc(/C(=C(/CCCl)c2ccccc2)c2ccccc2)cc1,26,Nipah virus
O=C(Cc1ccc(Cl)cc1)NCC(=O)N1CCN(Cc2ccccc2)CC1,19000,Nipah virus
CCN(CC)CCNc1cc(C)nc2c1ccc1c2ccc2c(NCCN(CC)CC)cc(C)nc21.Cl,5000,Nipah virus
Cc1cc(NCCCN2CCCCC2)c2ccc3c(ccc4c(NCCCN5CCCCC5)cc(C)nc43)c2n1.Cl,5000,Nipah virus
Cc1cc(NCCCN2CCOCC2)c2ccc3c(ccc4c(NCCCN5CCOCC5)cc(C)nc43)c2n1.Cl,2500,Nipah virus
OCCOc1ccc(/C(=C(/CCCl)c2ccccc2)c2ccccc2)cc1,3800,Nipah virus
NC(=O)c1nc(F)cnc1O,24000,Nipah virus
Oc1ccc2c(Oc3ccc(OCCN4CCCCC4)cc3)c(-c3ccc(F)cc3)sc2c1,980,Nipah virus
Oc1ccc2c(Oc3ccc(OCCN4CCCCC4)cc3)c(-c3ccccc3)sc2c1,300,Nipah virus
Nc1ccc(-c2sc3cc(O)ccc3c2Oc2ccc(OCCN3CCCCC3)cc2)cc1,130,Nipah virus
O=C(CC12CC3CC(CC(C3)C1)C2)NCC(=O)N1CCN(Cc2cccc3ccccc23)CC1,3400,Nipah virus
N#Cc1ccc(COc2ccccc2CN2CCN(C(=O)CNC(=O)CC34CC5CC(CC(C5)C3)C4)CC2)cc1,4400,Nipah virus
CNC(=O)c1ccc(COc2ccccc2CN2CCN(C(=O)CNC(=O)CC34CC5CC(CC(C5)C3)C4)CC2)cc1,2100,Nipah virus
CN(C)C(=O)c1ccc(COc2ccccc2CN2CCN(C(=O)CNC(=O)CC34CC5CC(CC(C5)C3)C4)CC2)cc1,3300,Nipah virus
O=C(CC12CC3CC(CC(C3)C1)C2)NCC(=O)N1CCN(Cc2ccccc2OCc2ccncc2)CC1,800,Nipah virus
O=C(CC12CC3CC(CC(C3)C1)C2)NCC(=O)N1CCN(Cc2ccccc2OCc2ccc(C(=O)O)cc2)CC1,4000,Nipah virus
COC(=O)c1ccc(COc2ccccc2CN2CCN(C(=O)CNC(=O)CC34CC5CC(CC(C5)C3)C4)CC2)cc1,13,Nipah virus
O=C(CC12CC3CC(CC(C3)C1)C2)NCC(=O)N1CCC(Cc2ccccc2)CC1,1300,Nipah virus
O=C(CC12CC3CC(CC(C3)C1)C2)NCC(=O)N1CCN(C(=O)c2ccccc2)CC1,3000,Nipah virus
Cc1cccc(CN2CCN(C(=O)CNC(=O)CC34CC5CC(CC(C5)C3)C4)CC2)c1,1100,Nipah virus
O=C(CC12CC3CC(CC(C3)C1)C2)NCC(=O)N1CCN(Cc2cccc(C(F)(F)F)c2)CC1,2600,Nipah virus
COC(=O)c1cccc(CN2CCN(C(=O)CNC(=O)CC34CC5CC(CC(C5)C3)C4)CC2)c1,14000,Nipah virus
O=C(CC12CC3CC(CC(C3)C1)C2)NCC(=O)N1CCN(Cc2cccnc2)CC1,6800,Nipah virus
COc1ccc(CN2CCN(C(=O)CNC(=O)CC34CC5CC(CC(C5)C3)C4)CC2)cc1,5400,Nipah virus
O=C(CC12CC3CC(CC(C3)C1)C2)NCC(=O)N1CCN(Cc2ccc(Cl)cc2)CC1,2500,Nipah virus
O=C(CC12CC3CC(CC(C3)C1)C2)NCC(=O)N1CCN(Cc2ccc(Br)cc2)CC1,3200,Nipah virus
N#Cc1ccc(CN2CCN(C(=O)CNC(=O)CC34CC5CC(CC(C5)C3)C4)CC2)cc1,8000,Nipah virus
O=C(CC12CC3CC(CC(C3)C1)C2)NCC(=O)N1CCN(Cc2ccc(O)cc2)CC1,7000,Nipah virus
Cc1ccc(CN2CCN(C(=O)CNC(=O)CC34CC5CC(CC(C5)C3)C4)CC2)cc1,1100,Nipah virus
COC(=O)c1ccc(CN2CCN(C(=O)CNC(=O)CC34CC5CC(CC(C5)C3)C4)CC2)cc1,15000,Nipah virus
CC(=O)Nc1ccc(CN2CCN(C(=O)CNC(=O)CC34CC5CC(CC(C5)C3)C4)CC2)cc1,7500,Nipah virus
O=C(CC12CC3CC(CC(C3)C1)C2)NCC(=O)N1CCN(Cc2ccncc2)CC1,14500,Nipah virus
O=C(CC12CC3CC(CC(C3)C1)C2)NCC(=O)N1CCN(Cc2cc(Br)ccc2O)CC1,500,Nipah virus
O=C(CC12CC3CC(CC(C3)C1)C2)NCC(=O)N1CCN(Cc2ccc(Cl)cc2Cl)CC1,6600,Nipah virus
O=C(CC12CC3CC(CC(C3)C1)C2)NCC(=O)N1CCN(Cc2ccc(Cl)c(Cl)c2)CC1,750,Nipah virus
Cc1cc(O)cc(C)c1CN1CCN(C(=O)CNC(=O)CC23CC4CC(CC(C4)C2)C3)CC1,8000,Nipah virus
O=C(CC12CC3CC(CC(C3)C1)C2)NCC(=O)N1CCN(Cc2ccc3ccccc3c2)CC1,3000,Nipah virus
O=C(CC12CC3CC(CC(C3)C1)C2)NCC(=O)N1CCN(Cc2ccccc2OCc2ccccc2[N+](=O)[O-])CC1,1600,Nipah virus
Cc1cccc(COc2ccccc2CN2CCN(C(=O)CNC(=O)CC34CC5CC(CC(C5)C3)C4)CC2)c1,350,Nipah virus
O=C(CC12CC3CC(CC(C3)C1)C2)NCC(=O)N1CCN(Cc2ccccc2OCc2cccc(Br)c2)CC1,2400,Nipah virus
COc1cccc(COc2ccccc2CN2CCN(C(=O)CNC(=O)CC34CC5CC(CC(C5)C3)C4)CC2)c1,1900,Nipah virus
COC(=O)c1cccc(COc2ccccc2CN2CCN(C(=O)CNC(=O)CC34CC5CC(CC(C5)C3)C4)CC2)c1,2400,Nipah virus
O=C(CC12CC3CC(CC(C3)C1)C2)NCC(=O)N1CCN(Cc2ccccc2OCc2cccnc2)CC1,2100,Nipah virus
O=C(CC12CC3CC(CC(C3)C1)C2)NCC(=O)N1CCN(Cc2ccccc2OCc2ccc([N+](=O)[O-])cc2)CC1,1700,Nipah virus
CC(C)CC(NC(=O)CC12CC3CC(CC(C3)C1)C2)C(=O)N1CCN(Cc2ccccc2)CC1,29000,Nipah virus
N#CCC(NC(=O)CC12CC3CC(CC(C3)C1)C2)C(=O)N1CCN(Cc2ccccc2)CC1,22000,Nipah virus
CC(OCc1ccccc1)C(NC(=O)CC12CC3CC(CC(C3)C1)C2)C(=O)N1CCN(Cc2ccccc2)CC1,29000,Nipah virus
O=C(CC12CC3CC(CC(C3)C1)C2)NC(CCC(=O)OCc1ccccc1)C(=O)N1CCN(Cc2ccccc2)CC1,8700,Nipah virus
CN(CC(=O)N1CCN(Cc2ccccc2)CC1)C(=O)CC12CC3CC(CC(C3)C1)C2,6700,Nipah virus
O=C(CC12CC3CC(CC(C3)C1)C2)NCCCC(=O)N1CCN(Cc2ccccc2)CC1,22000,Nipah virus
COc1ccccc1CN1CCN(C(=O)CNC(=O)CC23CC4CC(CC(C4)C2)C3)CC1,2100,Nipah virus
O=C(CC12CC3CC(CC(C3)C1)C2)NCC(=O)N1CCN(Cc2ccccc2OCc2ccccc2)CC1,2000,Nipah virus
O=C(CC12CC3CC(CC(C3)C1)C2)NCC(=O)N1CCN(Cc2ccccc2Cl)CC1,3200,Nipah virus
O=C(CC12CC3CC(CC(C3)C1)C2)NCC(=O)N1CCN(Cc2ccccc2Br)CC1,3400,Nipah virus
N#Cc1ccccc1CN1CCN(C(=O)CNC(=O)CC23CC4CC(CC(C4)C2)C3)CC1,3900,Nipah virus
O=C(CC12CC3CC(CC(C3)C1)C2)NCC(=O)N1CCN(Cc2ccccc2O)CC1,2900,Nipah virus
O=C(CC12CC3CC(CC(C3)C1)C2)NCC(=O)N1CCN(Cc2ccccc2C(F)(F)F)CC1,1800,Nipah virus
COC(=O)c1ccccc1CN1CCN(C(=O)CNC(=O)CC23CC4CC(CC(C4)C2)C3)CC1,8000,Nipah virus
O=C(CC12CC3CC(CC(C3)C1)C2)NCC(=O)N1CCN(Cc2ccccn2)CC1,8500,Nipah virus
COc1cccc(CN2CCN(C(=O)CNC(=O)CC34CC5CC(CC(C5)C3)C4)CC2)c1,2000,Nipah virus
O=C(CC12CC3CC(CC(C3)C1)C2)NCC(=O)N1CCN(Cc2cccc(OCc3ccccc3)c2)CC1,4000,Nipah virus
O=C(CC12CC3CC(CC(C3)C1)C2)NCC(=O)N1CCN(Cc2cccc(Br)c2)CC1,1000,Nipah virus
N#Cc1cccc(CN2CCN(C(=O)CNC(=O)CC34CC5CC(CC(C5)C3)C4)CC2)c1,1200,Nipah virus
O=C(CC12CC3CC(CC(C3)C1)C2)NCC(=O)N1CCN(Cc2ccccc2)CC1,1300,Nipah virus
O=C(NCC(=O)N1CCN(Cc2ccccc2)CC1)C1CCCCC1,27000,Nipah virus
O=C(CNC(=O)C12CC3CC(CC(C3)C1)C2)N1CCN(Cc2ccccc2)CC1,29000,Nipah virus
O=C(CC12CC3CC(CC(C3)C1)C2)NCCC(=O)N1CCN(Cc2ccccc2)CC1,17000,Nipah virus
CN1CCC(Nc2ncc3ncnc(Nc4ccc(F)c(Cl)c4)c3n2)CC1,1100,Nipah virus
CC(C)(C)OC(=O)N[C@@H](Cc1c[nH]c2ccccc12)C(=O)NNC(=O)OCC(=O)N1CCCc2ccccc21,193,Nipah virus
COc1ccc2c(c1)CCC(c1ccccc1)=C2c1ccc(OCCN2CCCC2)cc1,100,Nipah virus
C[C@@]1(O)[C@H](O)[C@@H](CO)O[C@@]1(C#N)c1ccc2c(N)ncnn12,50000,Nipah virus
CCC(CC)COC(=O)[C@H](C)NP(=O)(OC[C@H]1O[C@@](C#N)(c2ccc3c(N)ncnn23)[C@](C)(O)[C@@H]1O)Oc1ccccc1,13000,Nipah virus
CC(C)OC(=O)[C@H](C)N[P@+]([O-])(OC[C@H]1O[C@@](C#N)(c2ccc3c(N)ncnn23)[C@](C)(O)[C@@H]1OC(=O)C(C)C)Oc1ccccc1,40000,Nipah virus
C1=C2CCCN[C@H]2[C@@H]2C[C@H]1[C@H]1CCCCN1C2,12400,Nipah virus
Nc1ncnc2c1ncn2C1=C[C@H](CO)[C@@H](O)[C@H]1O,380,Nipah virus
Nc1ncnc2c1ncn2C1=C[C@@H](CO)[C@H](O)[C@@H]1O,760,Nipah virus
COc1cc(-c2cnc3c(N4CCOCC4)snc3c2)ccc1N,11860,Nipah virus
COc1ccc2nc3cc(Cl)ccc3c(Nc3cc(CN4CCCC4)c(O)c(CN4CCCC4)c3)c2n1,820,Nipah virus
COc1nc(N)ncc1-c1cn(COCCO)cn1,2200,Nipah virus
Nc1ncc(Br)c2c1ncn2C1=C[C@@H](CO)[C@H](O)[C@@H]1O,3510,Nipah virus
CCC(CC)OC(=O)[C@H](C)N[P@@](=O)(OC[C@H]1O[C@@](C#N)(c2ccc3c(N)ncnn23)[C@H](O)[C@@H]1O)Oc1ccccc1,60,Nipah virus
CCC(=C(c1ccc(OCCN2CCCC2)cc1)c1ccc(OCCN2CCCC2)cc1)c1ccccc1,20,Nipah virus
Nc1ncnc2c1c(-c1cccc(OCc3ccccc3)c1)cn2[C@H]1C[C@H](CN2CCCC2)C1,1000,Nipah virus
CCC(CC)COC(=O)[C@H](C)N[P@@](=O)(OC[C@H]1O[C@@](C#N)(c2ccc3c(N)ncnn23)[C@H](O)[C@@H]1O)Oc1ccccc1,53,Nipah virus
CC(C)OC(=O)[C@H](C)NP(=O)(OC[C@H]1O[C@@](C#N)(c2ccc3c(N)ncnn23)[C@H](O)[C@@H]1O)Oc1ccccc1,297,Nipah virus
Cc1[nH]c2c(CN3CC(CO)C(CN4CCCC4)C3)cccc2c1C,1000,Nipah virus
N#C[C@@]1(n2cnc3c(N)ncnc32)O[C@H](CO)[C@@H](O)[C@H]1O,56000,Nipah virus
COc1nc(N)ncc1-c1cn(COCCOC(C)=O)cn1,20000,Nipah virus
C[C@H](NP(=O)(OC[C@H]1O[C@@](C#N)(c2ccc3c(N)ncnn23)[C@H](O)[C@@H]1O)Oc1ccccc1)C(=O)OC1CCC1,88,Nipah virus
CCC(CC)COC(=O)[C@H](C)NP(=O)(OC[C@H]1O[C@@](C#N)(c2ccc3c(N)ncnn23)[C@H](O)[C@@H]1O)Oc1ccccc1,60,Nipah virus
CCOC(=O)[C@H](C)NP(=O)(N[C@@H](C)C(=O)OCC)OC[C@H]1O[C@@](C#N)(c2ccc3c(N)ncnn23)[C@H](O)[C@@H]1O,9102,Nipah virus
C[C@H](NP(=O)(OC[C@H]1O[C@@](C#N)(c2ccc3c(N)ncnn23)[C@H](O)[C@@H]1O)Oc1ccccc1)C(=O)OC1CCCC1,120,Nipah virus
CCOC(=O)[C@H](CC)NP(=O)(OC[C@H]1O[C@@](C#N)(c2ccc3c(N)ncnn23)[C@H](O)[C@@H]1O)Oc1ccccc1,1585,Nipah virus
Nc1nccc2c1ncn2[C@H]1C=C[C@H](O)[C@@H]1O,127023.7685,Nipah virus
C[C@H](NP(=O)(OC[C@H]1O[C@@](C#N)(c2ccc3c(N)ncnn23)[C@H](O)[C@@H]1O)Oc1ccccc1)C(=O)OCC(C)(C)C,92,Nipah virus
Cc1ccc(CN2CCCN(C)C3(CCN(C)CC3)C2)cc1C,1000,Nipah virus
CCOC(=O)[C@H](Cc1ccccc1)NP(=O)(OC[C@H]1O[C@@](C#N)(c2ccc3c(N)ncnn23)[C@H](O)[C@@H]1O)Oc1ccccc1,270,Nipah virus
C#C[C@@]1(c2ccc3c(N)ncnn23)O[C@H](COP(=O)(N[C@@H](C)C(=O)OCC(CC)CC)Oc2ccccc2)[C@@H](O)[C@H]1O,3900,Nipah virus
CCC(CC)COC(=O)[C@@H](C)NP(=O)(OC[C@H]1O[C@@](C#N)(c2ccc3c(N)ncnn23)[C@H](O)[C@@H]1O)Oc1ccccc1,518,Nipah virus
C[C@H](NP(=O)(OC[C@H]1O[C@@](C#N)(c2ccc3c(N)ncnn23)[C@H](O)[C@@H]1O)Oc1ccccc1)C(=O)OC(C)(C)C,3790,Nipah virus
CCC(CC)COC(=O)[C@H](C)N[P@](=O)(OCCOCn1cnc(-c2cnc(N)nc2OC)c1)Oc1ccccc1,7000,Nipah virus
CCOC(=O)[C@H](C)NP(=O)(OC[C@H]1O[C@@](C#N)(c2ccc3c(N)ncnn23)[C@H](O)[C@@H]1O)Oc1ccccc1,636,Nipah virus
Nc1ncc(Br)c2c1ncn2[C@H]1C=C[C@H](O)[C@@H]1O,26676.09436,Nipah virus
CCC(CC)OC(=O)[C@H](C)NP(=O)(N[C@@H](C)C(=O)OC(CC)CC)OC[C@H]1O[C@@](C#N)(c2ccc3c(N)ncnn23)[C@H](O)[C@@H]1O,678,Nipah virus
CCC(CC)OC(=O)[C@H](C)NP(=O)(OC[C@H]1O[C@@](C#N)(c2ccc3c(N)ncnn23)[C@H](O)[C@@H]1O)Oc1ccccc1,845,Nipah virus
CCOC(=O)[C@@H](NP(=O)(OC[C@H]1O[C@@](C#N)(c2ccc3c(N)ncnn23)[C@H](O)[C@@H]1O)Oc1ccccc1)C(C)C,3151,Nipah virus
CN(C)CCCN1c2ccccc2CCc2ccc(Cl)cc21,4990,Nipah virus
COc1cc(-c2cnc3c(N4CCOC(C)C4)snc3c2)ccc1N,2001,Nipah virus
COc1cc(-c2cnc3c(N4CCO[C@H](C)C4)snc3c2)ccc1N,4345,Nipah virus
COc1cc(-c2cnc3c(N4C[C@@H](C)O[C@@H](C)C4)snc3c2)ccc1N,2436,Nipah virus
COc1cc(-c2cnc3c(N4CCO[C@@H](C)C4)snc3c2)ccc1N,2728,Nipah virus
COc1cccc(CN2CCCC3=C[C@H]4C[C@H](CN5CCCC[C@H]45)[C@@H]32)c1,12100,Nipah virus
Nc1ccc(Br)cc1CN1CCN(C(=O)CNC(=O)CC2CCC(F)(F)CC2)CC1,1740,Nipah virus
CNS(=O)(=O)c1ccc(COc2ccccc2CN2CCN(C(=O)CNC(=O)CC34CC5CC(CC(C5)C3)C4)CC2)cc1,300,Nipah virus
O=C(CC12CC3CC(CC(O)(C3)C1)C2)NCC(=O)N1CCN(Cc2ccccc2OCc2ccc(Br)cc2)CC1,500,Nipah virus
Clc1ccc(CCN2CCCC3=C[C@H]4C[C@H](CN5CCCC[C@H]45)[C@@H]32)cc1Cl,6800,Nipah virus
Cc1ccccc1CN1CCCC2=C[C@H]3C[C@H](CN4CCCC[C@H]34)[C@@H]21,16600,Nipah virus
CS(=O)(=O)c1ccc(CNc2ccc(Cl)cc2CN2CCN(C(=O)CNC(=O)C3CC34CCC(F)(F)CC4)CC2)cc1,9,Nipah virus
COC(=O)c1ccc(Oc2cc(Cl)cc(CN3CCN(C(=O)CNC(=O)CC45CC6CC(CC(C6)C4)C5)CC3)c2)cc1,16,Nipah virus
O=C(CC12CC3(F)CC(F)(CC(F)(C3)C1)C2)NCC(=O)N1CCN(Cc2ccccc2OCc2ccc(Br)cc2)CC1,200,Nipah virus
O=C(CC12CC3CC(CC(C3)C1)C2)NCC(=O)N1CCN(Cc2cc(Cl)cc(F)c2F)CC1,670,Nipah virus
Clc1ccc(CCN2CCCC3=C[C@H]4C[C@H](CN5CCCC[C@H]45)[C@@H]32)cc1,6000,Nipah virus
CCC1(CC)CC1C(=O)NCC(=O)N1CCN(Cc2cc(Cl)ccc2N)CC1,160,Nipah virus
COC(=O)c1ccc(/C=C/c2ccccc2CN2CCN(C(=O)CNC(=O)CC34CC5CC(CC(C5)C3)C4)CC2)cc1,1500,Nipah virus
C1=C2CCCN(Cc3ccccc3)[C@H]2[C@@H]2C[C@H]1[C@H]1CCCCN1C2,15200,Nipah virus
O=C(CC12CC3CC(CC(C3)C1)C2)NCC(=O)N1CCN(Cc2cc(Cl)c(F)cc2F)CC1,370,Nipah virus
COC(=O)c1ccc(COc2ccccc2CN2CCN(C(=O)CNC(=O)CC3CCC(F)(F)CC3)CC2)cc1,50,Nipah virus
COC(=O)c1ccc(COc2ccccc2CN2CCN(C(=O)CNC(=O)CC3CC(F)(F)C3)CC2)cc1,300,Nipah virus
O=C(CC1CCC(F)(F)CC1)NCC(=O)N1CCN(Cc2cc(Br)ccc2O)CC1,790,Nipah virus
COC(=O)c1ccc(COc2ccc(Cl)cc2CN2CCN(C(=O)CNC(=O)CC34CC5CC(CC(C5)C3)C4)CC2)cc1,1.1,Nipah virus
O=C(NCC(=O)N1CCN(Cc2cc(Cl)ccc2O)CC1)C1CC12CCC(F)(F)CC2,180,Nipah virus
CS(=O)(=O)c1ccc(COc2ccc(Cl)cc2CN2CCN(C(=O)CNC(=O)C3CC34CCC(F)(F)CC4)CC2)cc1,19,Nipah virus
CC1(CC(=O)NCC(=O)N2CCN(Cc3ccccc3OCc3ccc(Br)cc3)CC2)CCCCC1,520,Nipah virus
Clc1ccc(CN2CCCC3=C[C@H]4C[C@H](CN5CCCC[C@H]45)[C@@H]32)cc1,11900,Nipah virus
O=C(c1ccc(Cl)c(Cl)c1)N1CCCC2=C[C@H]3C[C@H](CN4CCCC[C@H]34)[C@@H]21,49000,Nipah virus
COS(=O)(=O)c1ccc(COc2ccc(F)cc2CN2CCN(C(=O)CNC(=O)CC34CC5CC(CC(C5)C3)C4)CC2)cc1,5,Nipah virus
NC(=O)c1ccc(Cl)cc1CN1CCN(C(=O)CNC(=O)CC23CC4CC(CC(C4)C2)C3)CC1,1900,Nipah virus
Clc1ccc(CCCN2CCCC3=C[C@H]4C[C@H](CN5CCCC[C@H]45)[C@@H]32)cc1Cl,5800,Nipah virus
Clc1cc(Cl)cc(CN2CCCC3=C[C@H]4C[C@H](CN5CCCC[C@H]45)[C@@H]32)c1,8100,Nipah virus
Clc1ccc(CN2CCCC3=C[C@H]4C[C@H](CN5CCCC[C@H]45)[C@@H]32)cc1Cl,4800,Nipah virus
O=S(=O)(c1ccc(Cl)c(Cl)c1)N1CCCC2=C[C@H]3C[C@H](CN4CCCC[C@H]34)[C@@H]21,24100,Nipah virus
NS(=O)(=O)c1ccc(COc2ccccc2CN2CCN(C(=O)CNC(=O)CC34CC5CC(CC(C5)C3)C4)CC2)cc1,350,Nipah virus
O=C(CC1CCC(F)(F)CC1)NCC(=O)N1CCN(Cc2cc(Cl)ccc2NC(=O)C2CC2)CC1,3500,Nipah virus
O=C(CC12CC3CC(C1)CC(c1ccc(O)c([N+](=O)[O-])c1)(C3)C2)NCC(=O)N1CCN(Cc2ccccc2OCc2ccc(Br)cc2)CC1,600,Nipah virus
Clc1cc(Cl)cc(CCN2CCCC3=C[C@H]4C[C@H](CN5CCCC[C@H]45)[C@@H]32)c1,5700,Nipah virus
CS(=O)(=O)c1ccc(CNc2ccc(Cl)cc2CN2CCN(C(=O)CNC(=O)CC3CCC(F)(F)CC3)CC2)cc1,12,Nipah virus
COC(=O)c1ccc(COc2ccc(OC)cc2CN2CCN(C(=O)CNC(=O)CC34CC5CC(CC(C5)C3)C4)CC2)cc1,1400,Nipah virus
Nc1ccc(Cl)cc1CN1CCN(C(=O)CNC(=O)CC23CC4CC(CC(C4)C2)C3)CC1,90,Nipah virus
COC(=O)c1cccc(-c2ccc(Cl)cc2CN2CCN(C(=O)CNC(=O)CC34CC5CC(CC(C5)C3)C4)CC2)c1,250,Nipah virus
[2H]C([2H])(c1cc(Cl)ccc1N)N1CCN(C(=O)CNC(=O)C2CC23CCC(F)(F)CC3)CC1,51,Nipah virus
O=C(CC12CC3CC(CC(C3)C1)C2)NCC(=O)N1CCN(Cc2cc(F)c(F)cc2Cl)CC1,1450,Nipah virus
COC(=O)c1ccc(COc2ccc(Cl)cc2CN2CCN(C(=O)CNC(=O)CC3CCC(F)(F)CC3)CC2)cc1,15,Nipah virus
Nc1ccc(Cl)cc1CN1CCN(C(=O)CNC(=O)C2CC23CCC3)CC1,2500,Nipah virus
O=C(CC12CC3CC(CC(C3)C1)C2)NCC(=O)N1CCN(Cc2cc(Br)ccc2F)CC1,1200,Nipah virus
COC(=O)c1ccc(COc2ccc(F)cc2CN2CCN(C(=O)CNC(=O)CC3CCC(F)(F)CC3)CC2)cc1,18,Nipah virus
O=C(CC1CCC(F)(F)CC1)NCC(=O)N1CCN(Cc2cc(Cl)cc(F)c2O)CC1,2800,Nipah virus
O=C(CC12CC3CC(CC(C3)C1)C2)NCC(=O)N1CCN(Cc2ccccc2OCc2ccc(Br)cc2)CC1,220,Nipah virus
O=C(CC12CC3CC(CC(C3)C1)C2)NCC(=O)N1CCN(Cc2ccccc2OCc2ccc(-c3ncco3)cc2)CC1,270,Nipah virus
O=C(CC12CC3CC(CC(C3)C1)C2)NCC(=O)N1CCN(Cc2cc(Cl)ccc2O)CC1,200,Nipah virus
O=C(CC1CCC(F)(F)CC1)NCC(=O)N1CCN(Cc2cc(Cl)cc(Cl)c2O)CC1,3600,Nipah virus
Nc1ccc(Cl)cc1CN1CCN(C(=O)CNC(=O)CC2CCC(F)(F)CC2)CC1,340,Nipah virus
NC(=O)c1ccc(COc2ccccc2CN2CCN(C(=O)CNC(=O)CC34CC5CC(CC(C5)C3)C4)CC2)cc1,700,Nipah virus
O=C(c1ccc(Cl)cc1)N1CCCC2=C[C@H]3C[C@H](CN4CCCC[C@H]34)[C@@H]21,34100,Nipah virus
O=C(CC12CC3CC(CC(Br)(C3)C1)C2)NCC(=O)N1CCN(Cc2ccccc2OCc2ccc(Br)cc2)CC1,600,Nipah virus
CN(C)S(=O)(=O)c1ccc(COc2ccccc2CN2CCN(C(=O)CNC(=O)CC34CC5CC(CC(C5)C3)C4)CC2)cc1,400,Nipah virus
CC(=O)Nc1ccc(Cl)cc1CN1CCN(C(=O)CNC(=O)CC23CC4CC(CC(C4)C2)C3)CC1,950,Nipah virus
O=C(c1cc(Cl)cc(Cl)c1)N1CCCC2=C[C@H]3C[C@H](CN4CCCC[C@H]34)[C@@H]21,39800,Nipah virus
N#Cc1ccc(Br)cc1CN1CCN(C(=O)CNC(=O)CC23CC4CC(CC(C4)C2)C3)CC1,310,Nipah virus
Clc1cc(Cl)cc(CCCN2CCCC3=C[C@H]4C[C@H](CN5CCCC[C@H]45)[C@@H]32)c1,6100,Nipah virus
Clc1ccc(CN2CCCC3=C[C@H]4C[C@H](CN5CCCC[C@H]45)[C@@H]32)c(Cl)c1,6600,Nipah virus
O=S(=O)(c1cccs1)N1CCCC2=C[C@H]3C[C@H](CN4CCCC[C@H]34)[C@@H]21,33200,Nipah virus
O=C(CC12CC3CC(CC(C3)C1)C2)NCC(=O)N1CCN(Cc2cc(Cl)ccc2F)CC1,360,Nipah virus
[2H]C([2H])(c1cc(Cl)ccc1N)N1CCN(C(=O)CNC(=O)CC2CCC(F)(F)CC2)CC1,347,Nipah virus
O=S(=O)(c1cc(Cl)cc(Cl)c1)N1CCCC2=C[C@H]3C[C@H](CN4CCCC[C@H]34)[C@@H]21,10600,Nipah virus
CN[C@@H]1CC[C@H](c2ccc(Cl)c(Cl)c2)c2ccccc21.Cl,3000,Nipah virus
COC(=O)c1ccc(COc2ccc(Br)cc2CN2CCN(C(=O)CNC(=O)CC34CC5CC(CC(C5)C3)C4)CC2)cc1,9,Nipah virus
CS(=O)(=O)c1ccc(COc2ccc(Cl)cc2CN2CCN(C(=O)CNC(=O)CC3CCC(F)(F)CC3)CC2)cc1,38,Nipah virus
COC(=O)c1ccc(COc2ccc(C#N)cc2CN2CCN(C(=O)CNC(=O)CC34CC5CC(CC(C5)C3)C4)CC2)cc1,50,Nipah virus
COC(=O)c1ccc(COc2ccccc2CN2CCN(C(=O)CNC(=O)CC3CC3(C)C)CC2)cc1,300,Nipah virus
Nc1ccc(Cl)cc1CN1CCN(C(=O)CNC(=O)C2CC23CCC(F)(F)CC3)CC1,100,Nipah virus
COC(=O)c1ccc(COc2ccccc2CN2CCN(C(=O)CNC(=O)CC3CC34CCCCC4)CC2)cc1,73,Nipah virus
Nc1ccc(Cl)cc1CN1CCN(C(=O)CNC(=O)C2CC23CCCC3)CC1,240,Nipah virus
O=C(CC12CC3CC(CC(C3)C1)C2)NCC(=O)N1CCN(Cc2cc(Br)ccc2Cl)CC1,2200,Nipah virus
O=C(CC1CCC(F)(F)CC1)NCC(=O)N1CCN(Cc2cc(Cl)ccc2O)CC1,470,Nipah virus
O=C(CC1CCC(F)(F)CC1)NCC(=O)N1CCN(Cc2cc(Cl)ccc2NS(=O)(=O)C2CC2)CC1,2200,Nipah virus
O=C(CC12CC3CC(C1)CC(c1ccccc1)(C3)C2)NCC(=O)N1CCN(Cc2ccccc2OCc2ccc(Br)cc2)CC1,700,Nipah virus
O=S(=O)(c1ccc(Cl)cc1)N1CCCC2=C[C@H]3C[C@H](CN4CCCC[C@H]34)[C@@H]21,21800,Nipah virus
O=C(CC12CC3CC(CC(C3)C1)C2)NCC(=O)N1CCN(Cc2cc(Cl)cc(Cl)c2Cl)CC1,430,Nipah virus
COC(=O)c1ccc(CCc2ccccc2CN2CCN(C(=O)CNC(=O)CC34CC5CC(CC(C5)C3)C4)CC2)cc1,20,Nipah virus
FC(F)(F)Oc1ccc(CN2CCCC3=C[C@H]4C[C@H](CN5CCCC[C@H]45)[C@@H]32)cc1,10400,Nipah virus
O=C(CC12CC3CC(CC(Cl)(C3)C1)C2)NCC(=O)N1CCN(Cc2ccccc2OCc2ccc(Br)cc2)CC1,500,Nipah virus
O=C(CC12CC3CC(CC(C3)C1)C2)NCC(=O)N1CCN(Cc2c(F)ccc(Cl)c2F)CC1,1350,Nipah virus
Fc1ccc(CN2CCCC3=C[C@H]4C[C@H](CN5CCCC[C@H]45)[C@@H]32)cc1,17000,Nipah virus
COC(=O)c1ccc(COc2ccccc2CN2CCN(C(=O)CNC(=O)CC3(C)CCCCC3)CC2)cc1,80,Nipah virus
Nc1ccc(C2CC2)cc1CN1CCN(C(=O)CNC(=O)C2CC23CCC(F)(F)CC3)CC1,4200,Nipah virus
N#Cc1cccc(S(=O)(=O)N2CCCC3=C[C@H]4C[C@H](CN5CCCC[C@H]45)[C@@H]32)c1,69400,Nipah virus
COC(=O)c1ccc(COc2ccc(F)cc2CN2CCN(C(=O)CNC(=O)CC34CC5CC(CC(C5)C3)C4)CC2)cc1,1.4,Nipah virus
Clc1ccc(CCCN2CCCC3=C[C@H]4C[C@H](CN5CCCC[C@H]45)[C@@H]32)cc1,7100,Nipah virus
COC(=O)c1ccc(COc2ccc(C)cc2CN2CCN(C(=O)CNC(=O)CC34CC5CC(CC(C5)C3)C4)CC2)cc1,12,Nipah virus
COC(=O)c1ccc(COc2ccc(Cl)cc2CN2CCN(C(=O)CNC(=O)C(F)(F)C(F)F)CC2)cc1,160,Nipah virus
COC(=O)c1ccc(COc2ccccc2CN2CCN(C(=O)CNC(=O)CC3(F)CC3)CC2)cc1,2900,Nipah virus
[2H]C([2H])(c1cc(Cl)ccc1NCc1ccc(S(C)(=O)=O)cc1)N1CCN(C(=O)CNC(=O)C2CC23CCC(F)(F)CC3)CC1,21,Nipah virus
C=CCc1ccc(O)c(OC)c1,1300,Nipah virus
Nc1ccnc2c1ncn2[C@@H]1C=C(CO)[C@@H](O)[C@H]1O,4000,Nipah virus
CC1(C)[C@H]2CC[C@]1(C)[C@H](OC(=O)CCN1CCCCC1)C2,47500,Nipah virus
Nc1cccc2c1ncn2[C@@H]1C=C(CO)[C@@H](O)[C@H]1O,2000,Nipah virus
CC1CCN(CCC(=O)O[C@@H]2C[C@@H]3CC[C@@]2(C)C3(C)C)CC1,54300,Nipah virus
CCNCCc1ccc(CN(CC)c2cc(OC)ccc2[C@@H]2CCc3cc(O)ccc3C2)cc1,240,Nipah virus
Cc1cccc(/C=N/Nc2cc(N3CCOCC3)nc(OCCc3ccccn3)n2)c1,10,Nipah virus
CCN(CC)CCNc1ccnc2c(NCCN(CC)CC)ccnc12,14110,Nipah virus
COc1ccc(-c2cnc3[nH]cc(C#Cc4cccnc4)c3c2)cc1OC,1590,Nipah virus
Cc1[nH]nc(-c2ccc(OCCN3CCC(C(N)=O)CC3)cc2O)c1-c1ccc(Cl)cc1,50,Nipah virus
Cl.Cl.Cl.Cl.c1cc(NCCCCN2CCOCC2)c2ccc3c(ccc4c(NCCN5CCOCC5)ccnc43)c2n1,210,Nipah virus
COc1ccc(Br)cc1CNC12CC3CC(C)(CC(C)(C3)C1)C2,908,Nipah virus
c1cc(NCCCCN2CCOCC2)c2nccc(NCCCCN3CCOCC3)c2n1,2240,Nipah virus
Cl.Cl.Cl.Cl.OC(CNc1ccnc2c1ccc1c2ccc2c(NCCN3CCOCC3)ccnc21)CN1CCOCC1,600,Nipah virus
c1cc(NCCCN2CCOCC2)c2nccc(NCCCN3CCOCC3)c2n1,10000,Nipah virus
Cl.Cl.NCCCCNc1ccnc2c1ccc1c2ccc2c(NCCCCN)ccnc21,10000,Nipah virus
CCN(CC)CCCNc1ccnc2cccnc12,10000,Nipah virus
Cl.Cl.Cl.Cl.c1cc(NCCN2CCOCC2)c2ccc3c(ccc4c(NCCN5CCOCC5)ccnc43)c2n1,550,Nipah virus
Nc1ncc(Br)c2c1ncn2[C@H]1C=C(CO)[C@H](O)[C@@H]1O,12310.5783,Nipah virus
CN(C)CCOCCNc1ccnc2c1ccc1c2ccc2c(NCCOCCN(C)C)ccnc21.Cl.Cl.Cl.Cl,3530,Nipah virus
Nc1ncc(Br)c2c1ncn2C1=CC[C@H](O)[C@@H]1O,35110,Nipah virus
CCN(CC)CCCC(C)Nc1ccnc2cccnc12,10000,Nipah virus
Cc1ccccc1C(=O)c1sc2cc(O)ccc2c1Oc1ccc(OCCN2CC(CF)C2)cc1,1020,Nipah virus
Nc1ncc(Br)c2c1ncn2C1=CC[C@@H](O)[C@H]1O,350,Nipah virus
NC(=O)C1CCN(CCOc2ccc(-c3n[nH]cc3-c3ccccc3)c(O)c2)CC1,3100,Nipah virus
COc1ccc(-c2cnc3[nH]cc(NC(=O)c4cccnc4)c3c2)cc1OC,4240,Nipah virus
Cc1cc(F)cc(C)c1C(=O)c1sc2cc(O)ccc2c1Oc1ccc(OCCN2CC(CF)C2)cc1,1320,Nipah virus
CCN(CC)CCCNc1ccnc2c(NCCCN(CC)CC)ccnc12,4820,Nipah virus
Clc1ccc2c(NCCCCNc3ccnc4cccnc34)ccnc2c1,2870,Nipah virus
Nc1nccc2c1ncn2C1=CC[C@@H](O)[C@H]1O,430,Nipah virus
CCN(CC)CCCNc1ccnc2c1ccc1c2ccc2c(NCCN3CCOCC3)ccnc21.Cl.Cl.Cl.Cl,790,Nipah virus
Nc1nccc2c1ncn2[C@H]1C=C(CO)[C@H](O)[C@@H]1O,33171.92207,Nipah virus
Cl.Cl.Cl.Cl.NCCCNc1ccnc2c1ccc1c2ccc2c(NCCCN)ccnc21,10000,Nipah virus
Nc1ncnc2c(C[C@@H]3N[C@H](CO)[C@@H](O)[C@H]3O)c[nH]c12,3400,Nipah virus
CCN(CC)CCCC(C)Nc1ccnc2c(NC(C)CCCN(CC)CC)ccnc12,780,Nipah virus
CC(c1ccc(C(=O)N2CC(C(C)(C)C)c3ccccc32)cc1)N1CCCCC1,870,Nipah virus
CCC12CC3CC(C(=O)N[C@H]4CC[C@H](N)CC4)(C1)CC(c1ccccc1)(C3)C2,140,Nipah virus
O=C(Nc1ccc(SC(F)(F)F)c(Cl)c1)c1ccc(CN2CCCCC2)cc1,1120,Nipah virus
CC12CC3CC(C(=O)N[C@H]4CC[C@H](N)CC4)(C1)CC(c1ccccc1)(C3)C2,240,Nipah virus
CC1CCN(c2ccc(NC(=O)c3ccc(CN4CCOCC4)cc3)cc2C(F)(F)F)CC1,310,Nipah virus
CC12CC3CC(C(=O)N[C@H]4CC[C@H](CN)CC4)(C1)CC(c1ccccc1)(C3)C2,430,Nipah virus
O=C(Nc1ccc(C2CCCCC2)cc1)c1ccc(CN2CCCCC2)c(F)c1,1040,Nipah virus
CC(c1ccc(C(=O)N2CCc3cc(C(C)(C)C)ccc32)cc1)N1CCCCC1,2080,Nipah virus
CC(C)(C)c1ccc(NC(=O)c2ccc(CN3CCCCC3)cc2)c(C(C)(C)C)c1,590,Nipah virus
O=C(Nc1ccc(C23CC4CC(CC(C4)C2)C3)cc1)c1ccc(CN2CCCCC2)cc1,110,Nipah virus
O=C(c1ccc(CN2CCCCC2)cc1)N1CCc2ccc(C(F)(F)F)cc21,3220,Nipah virus
CC(c1ccc(C(=O)Nc2ccc(C3CCCCC3)cc2)cc1)N1CCCCC1,1800,Nipah virus
O=C(Nc1ccc(C23CC4CC(CC(C4)C2)C3)cc1)c1ccc(CN2CCOCC2)cc1,830,Nipah virus
COC(=O)c1ccc(NC(=O)c2ccc(CN3CCCCC3)cc2)cc1,2830,Nipah virus
Cc1c(-c2ccc(O)cc2)n(Cc2ccc(OCCN3CCCCCC3)cc2)c2ccc(O)cc12,2240,Nipah virus
CCN(CC)CCOc1ccc2c(c1)C(=O)c1cc(OCCN(CC)CC)ccc1-2,1140,Nipah virus
CCOP(=O)(Cc1cccc(COc2ccccc2OC2CCN(Cc3ccc4nc(-c5ccc(C(F)(F)F)cc5)[nH]c4c3)CC2)c1)OCC,8730,Nipah virus
COc1ccc2c(Oc3ccc(OCCN4CCCCC4)cc3)c(-c3ccccc3)sc2c1,260,Nipah virus
CC/C(=C(/c1ccc(NC(=O)CN2CCOCC2)cc1)c1ccc(OCCN2CCCC2)cc1)c1ccccc1,350,Nipah virus
COCCN1CCN(C(=O)N[C@@H](Cc2ccccc2)C(=O)N[C@H](/C=C/S(=O)(=O)c2ccccc2)CCc2ccccc2)CC1,0.04,Nipah virus
CC/C(=C(/c1ccc(NCCN2CCCC2)cc1)c1ccc(OCCN2CCCC2)cc1)c1ccccc1,330,Nipah virus
CCOP(=O)(Cc1ccc(COc2ccccc2OC2CCN(Cc3ccc4nc(-c5ccc(C(F)(F)F)cc5)[nH]c4c3)CC2)cc1)OCC,1730,Nipah virus
COc1ncc(-c2cnn(COCCOC(C)=O)c2)c(OC)n1,8200,Nipah virus
CC/C(=C(/c1ccc(N)cc1)c1ccc(OCCN2CCCC2)cc1)c1ccccc1,130,Nipah virus
COc1ccc2c(Oc3ccc(OCCN4CCCCC4)cc3)c(-c3ccc(Br)cc3)sc2c1,630,Nipah virus
CC1=C(c2ccc(O)cc2)[C@H](c2ccc(OCCN3CCCCC3)cc2)Oc2ccccc21,1500,Nipah virus
CCOP(=O)(Cc1ccc(COc2ccccc2OC2CCN(Cc3ccc4nc(-c5cccc(C(F)(F)F)c5)[nH]c4c3)CC2)cc1)OCC,29670,Nipah virus
CC/C(=C(/c1ccc(NC(=O)CC2CCN(C)CC2)cc1)c1ccc(OCCN2CCCC2)cc1)c1ccccc1,6,Nipah virus
COc1ccc2c(Oc3ccc(OCCN4CCCCC4)cc3)c(-c3ccc(Br)cc3)[s+]([O-])c2c1,2140,Nipah virus
CCOP(=O)(Cc1cccc(COc2ccccc2OC2CCN(Cc3ccc4nc(-c5ccccc5)[nH]c4c3)CC2)c1)OCC,1880,Nipah virus
CCOP(=O)(Cc1cccc(COc2ccccc2CC2CCN(Cc3ccc4nc(-c5ccc(OC(F)(F)F)cc5)[nH]c4c3)CC2)c1)OCC,1110,Nipah virus
CCOP(=O)(Cc1ccc(COc2ccccc2OC2CCN(Cc3ccc4nc(-c5ccc(OC(F)(F)F)cc5)[nH]c4c3)CC2)cc1)OCC,1190,Nipah virus
CN(C)CCOc1ccc(/C(=C(\CCCl)c2ccccc2)c2ccccc2)cc1,380,Nipah virus
CC/C(=C(/c1ccc(NC(=O)C2CCN(C)CC2)cc1)c1ccc(OCCN2CCCC2)cc1)c1ccccc1,10,Nipah virus
CCC(c1ccccc1)C(O)(c1ccc(OCCN(C)C)cc1)c1cccc(O)c1,1740,Nipah virus
CC(C)(C)N1CCN(C(=O)N[C@@H](Cc2ccccc2)C(=O)N[C@H](/C=C/S(=O)(=O)c2ccccc2)CCc2ccccc2)CC1,0.04,Nipah virus
CC/C(=C(/c1ccc(NC(=O)N2CCN(C)CC2)cc1)c1ccc(OCCN2CCCC2)cc1)c1ccccc1,30,Nipah virus
CCOP(=O)(Cc1ccc(COc2ccccc2CC2CCN(Cc3ccc4nc(-c5ccccc5)[nH]c4c3)CC2)cc1)OCC,640,Nipah virus
CC1(C)[C@H]2CC[C@]1(C)[C@H](OC(=O)CCN1CCCCC1)C2.Cl,9100,Nipah virus
CC/C(=C(/c1ccc(NC(=O)CN2CCOCC2)cc1)c1ccc(OCCN2CCOCC2)cc1)c1ccccc1,740,Nipah virus
CC/C(=C(/c1ccc(NC(=O)CN2CCN(C)CC2)cc1)c1ccc(OCCN2CCCC2)cc1)c1ccccc1,10,Nipah virus
CCOP(=O)(Cc1cccc(COc2ccccc2CC2CCN(Cc3ccc4nc(-c5ccccc5)[nH]c4c3)CC2)c1)OCC,930,Nipah virus
CCOP(=O)(Cc1cccc(COc2ccccc2CC2CCN(Cc3ccc4nc(-c5cccc(C(F)(F)F)c5)[nH]c4c3)CC2)c1)OCC,1400,Nipah virus
CCOP(=O)(Cc1cccc(COc2ccccc2CC2CCN(Cc3ccc4nc(-c5ccc(C(F)(F)F)cc5)[nH]c4c3)CC2)c1)OCC,1570,Nipah virus
CCCNC(=O)[C@@H]1O[C@H]1C(=O)N[C@@H](Cc1ccc(C)cc1)C(=O)N[C@H](C(=O)N1CCN(Cc2ccccc2)CC1)c1ccccc1,70,Nipah virus
CCOP(=O)(Cc1ccc(COc2ccccc2OC2CCN(Cc3ccc4nc(-c5ccccc5)[nH]c4c3)CC2)cc1)OCC,2950,Nipah virus
CC/C(=C(/c1ccc(NC(=O)C2CCN(C)C2)cc1)c1ccc(OCCN2CCCC2)cc1)c1ccccc1,20,Nipah virus
CCOP(=O)(Cc1cccc(COc2ccccc2CC2CCN(Cc3ccc4nc(-c5cccc(OC(F)(F)F)c5)[nH]c4c3)CC2)c1)OCC,870,Nipah virus
CSc1ccc2c(c1)N(CCC1CCCCN1C)c1ccccc1S2,6240,Nipah virus
CCOP(=O)(Cc1cccc(COc2ccccc2OC2CCN(Cc3ccc4nc(-c5cccc(C(F)(F)F)c5)[nH]c4c3)CC2)c1)OCC,2490,Nipah virus
CC1CCN(CCC(=O)O[C@@H]2C[C@@H]3CC[C@@]2(C)C3(C)C)CC1.Cl,64700,Nipah virus
CCOP(=O)(Cc1ccc(COc2ccccc2OC2CCN(Cc3ccc4nc(-c5cccc(OC(F)(F)F)c5)[nH]c4c3)CC2)cc1)OCC,2950,Nipah virus
CC/C(=C(/c1ccc(NCCN2CCOCC2)cc1)c1ccc(OCCN2CCOCC2)cc1)c1ccccc1,230,Nipah virus
CCOP(=O)(Cc1cccc(COc2ccccc2OC2CCN(Cc3ccc4nc(-c5ccc(OC(F)(F)F)cc5)[nH]c4c3)CC2)c1)OCC,1970,Nipah virus
CCOP(=O)(Cc1cccc(COc2ccccc2OC2CCN(Cc3ccc4nc(-c5cccc(OC(F)(F)F)c5)[nH]c4c3)CC2)c1)OCC,2080,Nipah virus
CC/C(=C(/c1ccc(NC(=O)C2CCN(C3CCN(C)CC3)CC2)cc1)c1ccc(OCCN2CCCC2)cc1)c1ccccc1,180,Nipah virus
COc1ccc(-c2sc3cc(OC)ccc3c2Oc2ccc(OCCN3CCC(CCNC(=O)CCCCNC(=O)OC(C)(C)C)CC3)cc2)cc1,800,Nipah virus
Nc1nccc2c1ncn2[C@@H]1C(F)=C[C@@H](O)[C@H]1O,120,Nipah virus
Nc1ncc(Br)c2c1ncn2[C@@H]1C(F)=C[C@@H](O)[C@H]1O,110,Nipah virus
Fc1ccc([C@@H]2CCNC[C@H]2COc2ccc3c(c2)OCO3)cc1,1380,Nipah virus
CCSCCCCCCCCCCCC(=O)O[C@@H]1[C@H](O)[C@@H](CO[P@@](=O)(N[C@H](C)C(=O)OCC(CC)CC)Oc2ccccc2)O[C@@]1(C#N)c1ccc2c(N)ncnn12,250,Nipah virus
CCCCCCCCCCOCCC(=O)O[C@@H]1[C@H](O)[C@@H](CO[P@@](=O)(N[C@H](C)C(=O)OCC(CC)CC)Oc2ccccc2)O[C@@]1(C#N)c1ccc2c(N)ncnn12,300,Nipah virus
CCCCCCCCCCOCCC(=O)O[C@H]1[C@@H](O)[C@](C#N)(c2ccc3c(N)ncnn23)O[C@@H]1CO[P@@](=O)(N[C@H](C)C(=O)OCC(CC)CC)Oc1ccccc1,160,Nipah virus
CCCCCCCCCCCCCCCC(=O)O[C@@H]1[C@H](O)[C@@H](CO[P@@](=O)(N[C@H](C)C(=O)OCC(CC)CC)Oc2ccccc2)O[C@@]1(C#N)c1ccc2c(N)ncnn12,7200,Nipah virus
CCC(CC)COC(=O)[C@@H](C)N[P@](=O)(OC[C@H]1O[C@@](C#N)(c2ccc3c(N)ncnn23)[C@H](O)[C@@H]1OC(=O)CCCCCCCCCCCN=[N+]=[N-])Oc1ccccc1,450,Nipah virus
CCCCCCCCCCCCCCCC(=O)O[C@H]1[C@@H](O)[C@](C#N)(c2ccc3c(N)ncnn23)O[C@@H]1CO[P@@](=O)(N[C@H](C)C(=O)OCC(CC)CC)Oc1ccccc1,2900,Nipah virus
CCCCCCCCCCCCCC(=O)O[C@H]1[C@@H](OC(=O)CCCCCCCCCCCCC)[C@](C#N)(c2ccc3c(N)ncnn23)O[C@@H]1CO[P@@](=O)(N[C@H](C)C(=O)OCC(CC)CC)Oc1ccccc1,12100,Nipah virus
CCC(CC)COC(=O)[C@@H](C)N[P@](=O)(OC[C@H]1O[C@@](C#N)(c2ccc3c(N)ncnn23)[C@H](OC(=O)CCCCCCCCCCCN=[N+]=[N-])[C@@H]1O)Oc1ccccc1,190,Nipah virus
CCCCCCCCCCCCCC(=O)O[C@H]1[C@@H](O)[C@](C#N)(c2ccc3c(N)ncnn23)O[C@@H]1CO[P@@](=O)(N[C@H](C)C(=O)OCC(CC)CC)Oc1ccccc1,710,Nipah virus
CCCCCCCCCCCCCC(=O)O[C@@H]1[C@H](O)[C@@H](CO[P@@](=O)(N[C@H](C)C(=O)OCC(CC)CC)Oc2ccccc2)O[C@@]1(C#N)c1ccc2c(N)ncnn12,670,Nipah virus
CCSCCCCCCCCCCCC(=O)O[C@H]1[C@@H](O)[C@](C#N)(c2ccc3c(N)ncnn23)O[C@@H]1CO[P@@](=O)(N[C@H](C)C(=O)OCC(CC)CC)Oc1ccccc1,280,Nipah virus
COc1ccc(S(=O)(=O)N(CC(=O)Nc2ccccc2-c2ccccc2)c2ccc(C)cc2)cc1,8070,Nipah virus
CCN(CC)CC(=O)NNc1ccccc1Sc1cc(Cl)ccc1[N+](=O)[O-],4690,Nipah virus
O=C(CNCCC1CCN(Cc2ccccc2)CC1)Nn1c2ccccc2c2ccccc21,370,Nipah virus
FC(C1=Nc2ccccc2N=C(c2ccccc2)C1)C(F)(F)F,10000,Nipah virus
CCCN1CCN(C(=O)N[C@@H](Cc2ccccc2)C(=O)N[C@H](/C=C/S(=O)(=O)c2ccccc2)CCc2ccccc2)CC1,0.04,Nipah virus
C=C(C)O[C@@H]1[C@@H](OC(C)=O)[C@H](NC(=O)[C@]23CCC(C)(C)C[C@H]2C2=CC[C@@H]4[C@@]5(C)CCC(=O)C(C)(C)[C@@H]5CC[C@@]4(C)[C@]2(C)CC3=O)O[C@H](COC(C)=O)[C@@H]1OC(C)=O,59.2,Nipah virus
CC(C)N1CCN(C(=O)N[C@@H](Cc2ccccc2)C(=O)N[C@H](/C=C/S(=O)(=O)c2ccccc2)CCc2ccccc2)CC1,0.04,Nipah virus
CCN1CCN(C(=O)N[C@@H](Cc2ccccc2)C(=O)N[C@H](/C=C/S(=O)(=O)c2ccccc2)CCc2ccccc2)CC1,0.04,Nipah virus
CCOc1ccc(NC(=O)CSc2nnc(COc3cccc(N(C)C)c3)n2-c2ccccc2)cc1,10000,Nipah virus
O=C(CN1CCCC1)NNc1ccccc1Sc1cc(Cl)ccc1[N+](=O)[O-],2040,Nipah virus
O=C(N[C@H](/C=C/S(=O)(=O)c1ccccc1)CCc1ccccc1)[C@H](Cc1ccccc1)NC(=O)N1CCN(c2ccccc2)CC1,0.04,Nipah virus
C#CN(CCCC1(C)N=N1)C(=O)[C@]12CCC(C)(C)C[C@H]1C1=CC[C@@H]3[C@@]4(C)CCC(=O)C(C)(C)[C@@H]4CC[C@@]3(C)[C@]1(C)CC2=O,467.3,Nipah virus
C[C@]12CC3CC(C(=O)N[C@H]4CC[C@H](N)CC4)(C1)C[C@@](c1ccccc1)(C3)C2,240,Nipah virus
Cc1c(-c2ccc(O)cc2)nn(-c2ccc(O)cc2)c1-c1ccc(OCCN2CCCCC2)cc1,1310,Nipah virus
CCN(CC)Cc1cc(Nc2ccnc3cc(I)ccc23)ccc1O,640,Nipah virus
CCCCCCCCN(C)Cc1cc(Nc2ccnc3cc(I)ccc23)ccc1O,260,Nipah virus
CCCCCCNCc1cc(Nc2ccnc3cc(Cl)ccc23)ccc1O,290,Nipah virus
CCCCN(CCCC)Cc1cc(Nc2ccnc3cc(Cl)ccc23)ccc1O,720,Nipah virus
CCN(CC)Cc1cc(Nc2c(Oc3ccccc3)cnc3cc(Cl)ccc23)ccc1O,730,Nipah virus
CC[C@H]1OC(=O)[C@H](C)[C@@H](O[C@H]2C[C@@](C)(OC)[C@@H](O)[C@H](C)O2)[C@H](C)[C@@H](O[C@@H]2O[C@H](C)C[C@H](N(C)C)[C@H]2O)[C@](C)(O)C[C@@H](C)CN(C)[C@H](C)[C@@H](O)[C@]1(C)O,5100,Nipah virus
COC(=O)[C@H]1C[C@H](OCCN)[C@@H](O[C@H]2O[C@H](CO)[C@@H](O)[C@H](O)[C@@H]2O)C[C@@H]1C(=O)OC,620000,Nipah virus
CCN(CC)CCNC(=O)c1c(C)[nH]c(/C=C2\C(=O)Nc3ccc(F)cc32)c1C,470,Nipah virus
C#Cc1cccc(Nc2ncnc3cc(OCCOC)c(OCCOC)cc23)c1,12900,Nipah virus
CN1[C@@H]2CC[C@@H]1CC(OC(c1ccccc1)c1ccccc1)C2,2820,Nipah virus
COc1cc2nc(N3CCCN(C)CC3)nc(NC3CCN(Cc4ccccc4)CC3)c2cc1OC,1000,Nipah virus
O=c1oc2c(O)c(O)cc3c(=O)oc4c(O)c(O)cc1c4c23,1400,Nipah virus
CCN(CC)CCCC(C)Nc1c2ccc(Cl)cc2nc2ccc(OC)cc12,1050,Nipah virus
CCN(CC)CCCC(C)Nc1ccnc2cc(Cl)ccc12,16000,Nipah virus
CN[C@H]1CC[C@@H](c2ccc(Cl)c(Cl)c2)c2ccccc21,1440,Nipah virus
O=C(c1ccc(OCCN2CCCCC2)cc1)c1c(-c2ccc(O)cc2)sc2cc(O)ccc12,1240,Nipah virus
CC/C(=C(\c1ccccc1)c1ccc(OCCN(C)C)cc1)c1ccccc1,100,Nipah virus
CN1CCN(C(=O)N[C@@H](Cc2ccccc2)C(=O)N[C@H](/C=C/S(=O)(=O)c2ccccc2)CCc2ccccc2)CC1,0.36,Nipah virus
O=c1cc(N2CCOCC2)oc2c(-c3ccccc3)cccc12,1800,Nipah virus
Nc1ncnc2c1ncn2[C@@H]1O[C@H](CO)[C@@H](O)[C@@H]1O,209541.6277,Nipah virus
Cn1nc(C(F)(F)F)cc1C(=O)Nc1ccc(S(=O)(=O)N2CCCC2)cc1,75000,Nipah virus
CC(C)C(=O)N[C@H]1[C@H]([C@H](O)[C@H](O)CO)OC(C(=O)O)=C[C@@H]1NS(=O)(=O)C(Cl)Cl,1900,Nipah virus
CC(C)C(=O)N[C@H]1[C@H]([C@H](O)[C@H](O)CO)OC(C(=O)O)=C[C@@H]1N=[N+]=[N-],2200,Nipah virus
NC(=O)c1cn([C@@H]2O[C@H](CO)[C@@H](O)[C@H]2O)c2ncnc(N)c12,64.66632178,Nipah virus
Nc1nc(C[C@H](O)CO)nc2nc[nH]c12,1911954.495,Nipah virus
CCOC(=O)C1=C[C@@H](OC(CC)CC)[C@H](NC(C)=O)[C@@H](N)C1,38.41106239,Nipah virus
Nc1nc(=O)n([C@@H]2O[C@H](COP(=O)(O)O)[C@@H](O)[C@H]2O)cc1F,20000,Nipah virus
O=c1cc(CCl)oc(CN2CCN(Cc3ccc(F)cc3)CC2)c1O,136.3066354,Nipah virus
O=c1cc(CCl)oc(CN2CCN(Cc3ccc(Cl)c(Cl)c3)CC2)c1O,119.697405,Nipah virus
O=c1cc(CCl)oc(CN2CCN(C(c3ccccc3)c3ccc(Cl)cc3)CC2)c1O,217.6894442,Nipah virus
CC(C)(C)OC(=O)N1CCN(Cc2oc(CCl)cc(=O)c2O)CC1,557.3825316,Nipah virus
O=c1cc(CCl)oc(CN2CCC(O)(c3ccc(Br)cc3)CC2)c1O,116.6289566,Nipah virus
O=c1cc(CCl)oc(CN2CCC(O)(c3ccc(Cl)c(C(F)(F)F)c3)CC2)c1O,110.5558749,Nipah virus
N#Cc1cn(C2OC(CO)CC2O)c2ncnc(N)c12,1453.118756,Nipah virus
Nc1ncnc2c1ccn2C1OC(CO)CC1O,79916.88644,Nipah virus
NC(=O)C(N)O,2000000,Nipah virus
NC(=O)c1ncn([C@@H]2O[C@H](CO)[C@@H](O)[C@H]2O)n1,10646.57467,Nipah virus
COc1ccc(Cn2c3ncnc4c(ncn4Cc4ccc(OC)cc4)c-3nc2=O)cc1,28200,Nipah virus
NC1=NCNc2c1ncn2CC(O)CO,47344.00152,Nipah virus
Nc1ncnc2c1CCN2[C@@H]1O[C@H](CO)C[C@H]1O,27748.04773,Nipah virus
Nc1ncnc2c([C@@H]3O[C@H](CO)C[C@H]3O)n[nH]c12,1194029.851,Nipah virus
Nc1ncnc2c1CCN2[C@@H]1O[C@H](CSCCC(N)C(=O)O)C[C@H]1O,270672.6215,Nipah virus
Nc1nc2c(ncn2COCCO)c(=O)[nH]1,53.28360197,Nipah virus
C[C@@]1(c2ccc3c(N)ncnn23)O[C@H](CO)[C@@H](O)[C@H]1O,5230,Nipah virus
COc1ccc(-n2c(SC(C)C(=O)Nc3ccc(C)cc3Cl)nc3ccccc32)cc1,10,Nipah virus
Nc1nccc2c1ncn2[C@@H]1O[C@H](CO)[C@@H](O)[C@H]1O,1502.290994,Nipah virus
Nc1ncc(Br)c2c1ncn2[C@@H]1C=C(CO)[C@@H](O)[C@H]1O,500,Nipah virus
Nc1ncnc2c1ccn2[C@H]1C[C@H](O)[C@@H](CO)O1,159833.7729,Nipah virus
NC(=O)c1cn([C@@H]2O[C@H](CO)[C@@H](O)[C@@H]2O)c2ncnc(N)c12,3233.316089,Nipah virus
N#C[C@@H]1[C@@H](O)[C@H](n2cnc3c(N)ncnc32)O[C@@H]1CO,253384.4929,Nipah virus
COc1cc(CC(C)(O)c2ccc(F)cc2)nc(OC)n1,120000,Nipah virus
Nc1ncnc2c1ccn2[C@@H]1O[C@H](CO)[C@@H](O)[C@@H]1O,1126718.245,Nipah virus
Nc1ncc(Cl)c2c1ncn2[C@@H]1C[C@H](O)[C@@H](O)[C@H]1O,1600,Nipah virus
Nc1ncc(I)c2c1ncn2[C@@H]1C[C@H](O)[C@@H](O)[C@H]1O,20000,Nipah virus
Nc1ncc(Br)c2c1ncn2[C@@H]1C[C@H](O)[C@@H](O)[C@H]1O,8000,Nipah virus
O=c1c(O[C@@H]2O[C@H](CO)[C@@H](O)[C@H](O)[C@H]2O)c(-c2ccc(O)cc2)oc2cc(O)cc(O)c12,79842.99032,Nipah virus
Cl.Nc1nc(=O)n([C@@H]2O[C@H](CO)[C@@H](O)[C@H]2O)cc1F,130000,Nipah virus
CSc1nc(N)c2cc(Cl)n([C@H]3C[C@H](O)[C@@H](CO)O3)c2n1,340000,Nipah virus
Cc1cc2c(N)ncnc2n1[C@H]1C[C@H](O)[C@@H](CO)O1,500000,Nipah virus
Nc1ncnc2c1cc(Cl)n2[C@H]1C[C@H](O)[C@@H](CO)O1,1600000,Nipah virus
OC[C@H]1O[C@@H](n2ccc3c(Cl)ncnc32)C[C@@H]1O,960000,Nipah virus
CSc1ncc2cc(C)n([C@H]3C[C@H](O)[C@@H](CO)O3)c2n1,1100000,Nipah virus
Cc1cc2cncnc2n1[C@H]1C[C@H](O)[C@@H](CO)O1,1100000,Nipah virus
CCCCCCCCCCCCCCCCOCCOP1(=O)CO[C@@H](Cn2cnc(N)nc2=O)CO1,30151.70074,Nipah virus
O=C1O/C(=C\Cn2cc(C#CCCc3ccccc3)c(=O)[nH]c2=O)C(OCc2ccccc2)=C1OCc1ccccc1,4800,Nipah virus
Cc1ccc(C#Cc2cn(C/C=C3\OC(=O)C(OCc4ccccc4)=C3OCc3ccccc3)c(=O)[nH]c2=O)cc1,8000,Nipah virus
O=c1c(O[C@@H]2O[C@H](CO)[C@@H](O)[C@H](O)[C@H]2O)c(-c2ccc(O)c(O)c2)oc2cc(O)cc(O)c12,50389.767,Nipah virus
Nc1ncnc2c1ccn2[C@@H]1O[C@H](CO)[C@@H](O)[C@H]1O,75.11454969,Nipah virus
Nc1nccc2c1ncn2[C@@H]1C[C@H](CO)[C@@H](O)[C@H]1O,2648.605698,Nipah virus
Nc1nccc2c1ncn2C1C=C(CO)C(O)C1O,76.2572921,Nipah virus
C/N=C(/N)c1ncn([C@@H]2O[C@H](CO)[C@@H](O)[C@H]2O)n1.Cl,425589.8676,Nipah virus
CCOP(=O)(O)OC[C@H]1O[C@@H](C2=NNC(C(N)=O)C2=O)[C@H](O)[C@@H]1O,80000,Nipah virus
NC(=O)C1NN=C([C@@H]2O[C@H](CO)[C@@H](O)[C@H]2O)C1=O,3000,Nipah virus
N=C(N)C1NN=C([C@@H]2O[C@H](CO)[C@@H](O)[C@H]2O)C1=O,1000000,Nipah virus
COP(=O)(OC)OC[C@H]1O[C@@H](C2=NNC(C(N)=O)C2=O)[C@H](O)[C@@H]1O,1000000,Nipah virus
CC(C)(C)C(=O)OCn1nc([C@@H]2O[C@H](CO)[C@@H](O)[C@H]2O)c2ncnc(N)c21,2621.987991,Nipah virus
Nc1nccn2c([C@@H]3O[C@H](CO)[C@@H](O)[C@H]3O)nnc12,374181.478,Nipah virus
NC(=O)c1[nH]nc(C2O[C@H](COP(=O)(O)O)[C@H](O)[C@@H]2O)c1O,6300,Nipah virus
Nc1cc2[nH]cnc2c(=O)[nH]1,13320.90049,Nipah virus
CCCCCOC(=O)C(O)Cn1cnc2c(N)ncnc21,238639.0754,Nipah virus
Nc1ncnc2c1ncn2C[C@@H](O)CO,95597.72477,Nipah virus
CCOC(=O)C(O)Cn1cnc2c(N)ncnc21,79601.99005,Nipah virus
CCC(=O)C(Cc1ccc(/C=C/c2ccc(OC)cc2)cc1)C(=O)CC,8560.178052,Nipah virus
O=c1ccn([C@H]2S[C@@H](CO)[C@H](O)[C@H]2O)c(=O)[nH]1,1536865.563,Nipah virus
O=c1ccn([C@@H]2S[C@@H](CO)[C@H](O)[C@H]2O)c(=O)[nH]1,1536865.563,Nipah virus
Nc1ncnc2c1ncn2[C@@H]1S[C@@H](CO)[C@H](O)[C@H]1O,1411880.978,Nipah virus
Nc1ncnc2c1ncn2[C@H]1S[C@@H](CO)[C@H](O)[C@H]1O,1411880.978,Nipah virus
Nc1ccn(C2S[C@@H](CO)[C@H](O)[C@H]2O)c(=O)n1,1542674.226,Nipah virus
Nc1ccn([C@@H]2O[C@@](CO)(CCl)[C@@H](O)[C@H]2F)c(=O)n1,1300,Nipah virus
CCc1nc(N)nc(N)c1-c1ccc(Cl)cc1,20000,Nipah virus
Cc1cn([C@H]2S[C@@H](CO)[C@H](O)[C@H]2O)c(=O)[nH]c1=O,1458257.382,Nipah virus
Cc1cn([C@@H]2S[C@@H](CO)[C@H](O)[C@H]2O)c(=O)[nH]c1=O,1458257.382,Nipah virus
O=C1O/C(=C\Cn2cc3cc(CCc4ccccc4)oc3nc2=O)C(OCc2ccccc2)=C1OCc1ccccc1,40000,Nipah virus
CCCCc1ccc(-c2cc3cn(C/C=C4\OC(=O)C(OCc5ccccc5)=C4OCc4ccccc4)c(=O)nc3o2)cc1,40000,Nipah virus
CC[C@H](/C=C/[C@@H](C)[C@H]1CC[C@H]2[C@@H]3CC=C4C[C@@H](O)CC[C@]4(C)[C@H]3CC[C@]12C)C(C)C,90865.03513,Nipah virus
Cl.FC(F)(F)c1ccccc1NCC12CC3CC(CC(C3)C1)C2,9000,Nipah virus
Nc1ncnc2c1ncn2CC(O)C(=O)OCc1ccco1,49459.24558,Nipah virus
CCCCCC#Cc1cn(C/C=C2\OC(=O)C(OCc3ccccc3)=C2OCc2ccccc2)c(=O)[nH]c1=O,4800,Nipah virus
CCCOC(=O)C(O)Cn1cnc2c(N)ncnc21,376974.4034,Nipah virus
O=c1c(O[C@@H]2O[C@H](CO)[C@@H](O)[C@H](O)[C@H]2O[C@@H]2OC[C@@H](O)[C@H](O)[C@H]2O)c(-c2ccc(O)cc2)oc2cc(O)cc(O)c12,112661.4987,Nipah virus
O=c1c(O[C@@H]2O[C@H](CO[C@@H]3O[C@H](CO)[C@@H](O)[C@H](O)[C@H]3O)[C@@H](O)[C@H](O)[C@H]2O[C@@H]2OC[C@@H](O)[C@H](O)[C@H]2O)c(-c2ccc(O)cc2)oc2cc(O)cc(O)c12,35952.81698,Nipah virus
COc1nc(OC)c(Br)c(C(Br)Br)n1,40000,Nipah virus
O=c1c(O[C@@H]2O[C@H](CO)[C@H](O)[C@H](O)[C@H]2O)c(-c2ccc(O)cc2)oc2cc(O)cc(O)c12,119987.5106,Nipah virus
O=c1c(O[C@@H]2O[C@H](CO)[C@@H](O)[C@H](O)[C@H]2O[C@@H]2OC[C@@H](O)[C@H](O)[C@H]2O)c(-c2ccc(O)c(O)c2)oc2cc(O)cc(O)c12,55155.99591,Nipah virus
C=C1c2ccoc2C[C@H]2[C@H]1[C@@H](OC(C)=O)[C@H](OC(C)=O)[C@@]1(O)C(C)(C)CC[C@H](OC(C)=O)[C@]21C,17279.52797,Nipah virus
CC(C)[C@@H](C)/C=C/[C@@H](C)[C@H]1CC[C@H]2C3=CC[C@H]4C[C@@H](O)CC[C@]4(C)[C@H]3CC[C@]12C,50500,Nipah virus
CC(=O)O[C@@H]1[C@@H]2[C@H](Cc3occc3[C@]2(C)O)[C@@]2(C)[C@@H](OC(C)=O)CCC(C)(C)[C@]2(O)[C@H]1OC(C)=O,19489.61569,Nipah virus
CO[C@]1(C)c2ccoc2C[C@H]2C1[C@@H](OC(C)=O)[C@H](OC(C)=O)[C@@]1(O)C(C)(C)CC[C@H](OC(C)=O)[C@]21C,15397.06666,Nipah virus
CC1(C)CC[C@H](O)[C@]2(C)[C@H]3Cc4occc4[C@H]4C(=O)O[C@@H](C[C@@]12O)[C@@H]43,42722.70654,Nipah virus
Nc1ncnc2c([C@@H]3O[C@H](CO)[C@@H](O)[C@H]3O)[nH]nc12,7483.62956,Nipah virus
CC(C)C(=O)N[C@H]1[C@H]([C@H](O)[C@H](O)CO)OC(C(=O)O)=C[C@@H]1NS(=O)(=O)C(Cl)Cl,2000,Nipah virus
O=c1c(O[C@@H]2O[C@H](CO)[C@@H](O)[C@H](O)[C@H]2O[C@@H]2OC[C@@H](O)[C@H](O)[C@H]2O)c(-c2ccc(O)c(O[C@@H]3O[C@H](CO)[C@@H](O)[C@H](O)[C@H]3O)c2)oc2cc(O)cc(O)c12,70916.37667,Nipah virus
C[C@@H]1O[C@@H](OC[C@H]2O[C@@H](Oc3c(-c4ccc(O)c(O[C@@H]5O[C@H](CO)[C@@H](O)[C@H](O)[C@H]5O)c4)oc4cc(O)cc(O)c4c3=O)[C@H](O[C@@H]3OC[C@@H](O)[C@H](O)[C@H]3O)[C@@H](O)[C@@H]2O)[C@H](O)[C@H](O)[C@H]1O,39346.58149,Nipah virus
Nc1ncnc2c1ncn2C[C@H](O)CO,19119.54495,Nipah virus
C[C@@H]1O[C@@H](Oc2c(-c3ccc(O)cc3)oc3cc(O)cc(O)c3c2=O)[C@H](O)[C@H](O)[C@H]1O[C@@H]1O[C@H](CO)[C@@H](O)[C@H](O)[C@H]1O,78887.16948,Nipah virus
COc1ccc(-c2oc3cc(O)cc(O)c3c(=O)c2O[C@@H]2O[C@H](CO)[C@@H](O)[C@H](O)[C@H]2O[C@@H]2OC[C@@H](O)[C@H](O)[C@H]2O)cc1O[C@@H]1O[C@H](CO)[C@@H](O)[C@H](O)[C@H]1O,34814.79564,Nipah virus
CC(=O)O[C@@H]1[C@@H]2[C@H](Cc3occc3[C@@]2(C)O)[C@@]2(C)[C@@H](OC(C)=O)CCC(C)(C)[C@]2(O)[C@H]1OC(C)=O,20910.7335,Nipah virus
COc1ccc([C@@H]2CC(=O)c3c(OC)cc(O)cc3O2)cc1,154400,Nipah virus
COc1ccc(-c2oc3cc(OC)c(OC)c(O)c3c(=O)c2O)cc1,41600,Nipah virus
C[C@H]1C(=O)O[C@H]2C[C@]3(C)O[C@H]3[C@@H]3O[C@@H]3C3=C[C@@H](OC3=O)[C@@H]21,142800,Nipah virus
CC(=O)O[C@H]1C[C@@H]2O[C@@]2(C)C[C@@H]2OC(=O)[C@H](C)[C@H]2[C@H]2C=C1C(=O)O2,186300,Nipah virus
COc1ccc(-c2oc3cc(OC)c(OC)c(O)c3c(=O)c2OS(=O)(=O)[O-])cc1.[K+],19700,Nipah virus
C[C@H]1C(=O)O[C@H]2C[C@]3(C)O[C@H]3CCC3=C[C@@H](OC3=O)[C@@H]21,37400,Nipah virus
Cc1nc([SeH])c2cnn(C3O[C@H](CO)[C@@H](O)[C@H]3O)c2n1,13000,Nipah virus
NC(=O)c1ncn(C2O[C@H](CO)[C@@H](O)[C@H]2O)c1S,5000000,Nipah virus
Cc1c(C(N)=O)ncn1C1O[C@H](CO)[C@@H](O)[C@H]1O,500000,Nipah virus
NC(=O)c1ncn(C2O[C@H](CO)[C@@H](O)[C@H]2O)c1SCc1ccccc1,4400000,Nipah virus
CSc1c(C(N)=O)ncn1C1O[C@H](CO)[C@@H](O)[C@H]1O,730000,Nipah virus
CCCOC(=O)C(CCSC[C@H]1OC(n2ccc3c(N)ncnc32)[C@H](O)[C@@H]1O)NC(=O)COC,40195.3494,Nipah virus
NC(=O)c1[nH]nc(C2O[C@@H](COP(=O)(O)OP(=O)(O)OC[C@H]3OC(n4cnc5c(N)ncnc54)[C@H](O)[C@@H]3O)[C@H](O)[C@@H]2O)c1O,5000,Nipah virus
CCCOC(=O)C(CCSC[C@H]1OC(n2ccc3c(N)ncnc32)[C@H](O)[C@@H]1O)NC(=O)C(F)(F)F,134223.0403,Nipah virus
CCCCOC(=O)C(N)CCSC[C@H]1OC(n2ccc3c(N)ncnc32)[C@H](O)[C@@H]1O,341265.8689,Nipah virus
Nc1ncnc2c(C3O[C@H](CSCCC(N)C(=O)O)[C@@H](O)[C@H]3O)n[nH]c12,78039.64414,Nipah virus
Nc1ncnc2c(C3O[C@H](CCl)[C@@H](O)[C@H]3O)n[nH]c12,245020.8268,Nipah virus
Nc1ncnc2c1cc(Br)n2C1O[C@H](CO)[C@@H](O)[C@H]1O,202810.3723,Nipah virus
CCCOC(=O)C(CCSC[C@H]1OC(n2ccc3c(N)ncnc32)[C@H](O)[C@@H]1O)NC(C)=O,42776.17367,Nipah virus
Nc1ncnc2c1c(CCCO)cn2C1O[C@H](CO)[C@@H](O)[C@H]1O,6166.368626,Nipah virus
Nc1ncnc2c1c(/C=C/Br)cn2C1O[C@H](CO)[C@@H](O)[C@H]1O,2694.038094,Nipah virus
CC(C)OC(=O)C(N)CCSC[C@H]1OC(n2ccc3c(N)ncnc32)[C@H](O)[C@@H]1O,47002.42062,Nipah virus
N#C/C=C/c1cn(C2O[C@H](CO)[C@@H](O)[C@H]2O)c2ncnc(N)c12,22060.44562,Nipah virus
CC(O)c1cn(C2O[C@H](CO)[C@@H](O)[C@H]2O)c2ncnc(N)c12,2255.808707,Nipah virus
COC(C)c1cn(C2O[C@H](CO)[C@@H](O)[C@H]2O)c2ncnc(N)c12,6166.368626,Nipah virus
CCCCc1cn(C2O[C@H](CO)[C@@H](O)[C@H]2O)c2ncnc(N)c12,62040.51245,Nipah virus
Nc1nccc2c1ncn2[C@@H]1C[C@H](CO)[C@H](O)C1O,7567.444852,Nipah virus
COc1c(C)c2c(c(O)c1C/C=C(\C)CCC(=O)O)C(=O)OC2,400,Nipah virus
CC(C)OC(=O)C(O)Cn1cnc2c(N)ncnc21,263882.0824,Nipah virus
CCCCOC(=O)C(O)Cn1cnc2c(N)ncnc21,250626.5664,Nipah virus
COCCOC(=O)C(O)Cn1cnc2c(N)ncnc21,1066590.82,Nipah virus
NC(=O)c1[nH]nc(C2OC3COP(=O)(O)O[C@@H]3[C@@H]2O)c1O,500000,Nipah virus
COC(=O)C(O)Cn1cnc2c(N)ncnc21,84309.92328,Nipah virus
CCC(C)OC(=O)C(O)Cn1cnc2c(N)ncnc21,716075.904,Nipah virus
CC(C)COC(=O)C(O)Cn1cnc2c(N)ncnc21,71607.5904,Nipah virus
CCCCCCCCOC(=O)C(O)Cn1cnc2c(N)ncnc21,44721.38577,Nipah virus
NC(=O)c1cn(C2OC(CO)CC2O)c2ncnc(N)c12,34097.10857,Nipah virus
CC(C)(C)OC(=O)C(O)Cn1cnc2c(N)ncnc21,537056.928,Nipah virus
Nc1ncnc2c([C@@H]3N[C@H](CO)[C@@H](O)[C@H]3O)c[nH]c12,3000,Nipah virus
N#Cc1c(NCCN)nc(-c2ccccc2)c2c1CCCC2,6200,Nipah virus
O=[N+]([O-])c1cc(S(=O)(=O)NCCN2CCOCC2)ccc1Sc1nnnn1-c1ccccc1,12900,Nipah virus
CN(C)CCOc1ccc(/C(=C(/CCCl)c2ccccc2)c2ccccc2)cc1,2600,Nipah virus
OCCOc1ccc(/C(=C(/CCCl)c2ccccc2)c2ccccc2)cc1,34350,Nipah virus
NC(=O)c1nc(F)cnc1O,155000,Nipah virus
Oc1ccc2c(Oc3ccc(OCCN4CCCCC4)cc3)c(-c3ccc(F)cc3)sc2c1,2040,Nipah virus
Oc1ccc2c(Oc3ccc(OCCN4CCCCC4)cc3)c(-c3ccccc3)sc2c1,670,Nipah virus
Nc1ccc(-c2sc3cc(O)ccc3c2Oc2ccc(OCCN3CCCCC3)cc2)cc1,1450,Nipah virus
CN1CCC(Nc2ncc3ncnc(Nc4ccc(F)c(Cl)c4)c3n2)CC1,1800,Nipah virus
COc1ccc2c(c1)CCC(c1ccccc1)=C2c1ccc(OCCN2CCCC2)cc1,1300,Nipah virus
C1=C2CCCN[C@H]2[C@@H]2C[C@H]1[C@H]1CCCCN1C2,10200,Nipah virus
CCC(=C(c1ccc(OCCN2CCCC2)cc1)c1ccc(OCCN2CCCC2)cc1)c1ccccc1,610,Nipah virus
COc1cccc(CN2CCCC3=C[C@H]4C[C@H](CN5CCCC[C@H]45)[C@@H]32)c1,17800,Nipah virus
Cc1ccccc1CN1CCCC2=C[C@H]3C[C@H](CN4CCCC[C@H]34)[C@@H]21,15000,Nipah virus
C1=C2CCCN(Cc3ccccc3)[C@H]2[C@@H]2C[C@H]1[C@H]1CCCCN1C2,22000,Nipah virus
Clc1ccc(CN2CCCC3=C[C@H]4C[C@H](CN5CCCC[C@H]45)[C@@H]32)cc1,9800,Nipah virus
O=C(c1ccc(Cl)c(Cl)c1)N1CCCC2=C[C@H]3C[C@H](CN4CCCC[C@H]34)[C@@H]21,80800,Nipah virus
Clc1cc(Cl)cc(CN2CCCC3=C[C@H]4C[C@H](CN5CCCC[C@H]45)[C@@H]32)c1,8500,Nipah virus
Clc1ccc(CN2CCCC3=C[C@H]4C[C@H](CN5CCCC[C@H]45)[C@@H]32)cc1Cl,7100,Nipah virus
O=S(=O)(c1ccc(Cl)c(Cl)c1)N1CCCC2=C[C@H]3C[C@H](CN4CCCC[C@H]34)[C@@H]21,10500,Nipah virus
O=C(c1ccc(Cl)cc1)N1CCCC2=C[C@H]3C[C@H](CN4CCCC[C@H]34)[C@@H]21,111500,Nipah virus
O=C(c1cc(Cl)cc(Cl)c1)N1CCCC2=C[C@H]3C[C@H](CN4CCCC[C@H]34)[C@@H]21,35300,Nipah virus
Clc1ccc(CN2CCCC3=C[C@H]4C[C@H](CN5CCCC[C@H]45)[C@@H]32)c(Cl)c1,6400,Nipah virus
O=S(=O)(c1cccs1)N1CCCC2=C[C@H]3C[C@H](CN4CCCC[C@H]34)[C@@H]21,62400,Nipah virus
O=S(=O)(c1cc(Cl)cc(Cl)c1)N1CCCC2=C[C@H]3C[C@H](CN4CCCC[C@H]34)[C@@H]21,27200,Nipah virus
CN[C@@H]1CC[C@H](c2ccc(Cl)c(Cl)c2)c2ccccc21.Cl,900,Nipah virus
O=S(=O)(c1ccc(Cl)cc1)N1CCCC2=C[C@H]3C[C@H](CN4CCCC[C@H]34)[C@@H]21,18800,Nipah virus
FC(F)(F)Oc1ccc(CN2CCCC3=C[C@H]4C[C@H](CN5CCCC[C@H]45)[C@@H]32)cc1,11900,Nipah virus
Fc1ccc(CN2CCCC3=C[C@H]4C[C@H](CN5CCCC[C@H]45)[C@@H]32)cc1,21500,Nipah virus
N#Cc1cccc(S(=O)(=O)N2CCCC3=C[C@H]4C[C@H](CN5CCCC[C@H]45)[C@@H]32)c1,70700,Nipah virus
CC1(C)[C@H]2CC[C@]1(C)[C@H](OC(=O)CCN1CCCCC1)C2,3700,Nipah virus
CCN1CCN(CCC(=O)O[C@@H]2C[C@@H]3CC[C@@]2(C)C3(C)C)CC1,17800,Nipah virus
CC1CCN(CCC(=O)O[C@@H]2C[C@@H]3CC[C@@]2(C)C3(C)C)CC1,2200,Nipah virus
CCNCCc1ccc(CN(CC)c2cc(OC)ccc2[C@@H]2CCc3cc(O)ccc3C2)cc1,1300,Nipah virus
Cc1cccc(/C=N/Nc2cc(N3CCOCC3)nc(OCCc3ccccn3)n2)c1,10,Nipah virus
Cc1ccccc1C(=O)c1sc2cc(O)ccc2c1Oc1ccc(OCCN2CC(CF)C2)cc1,3880,Nipah virus
Cc1cc(F)cc(C)c1C(=O)c1sc2cc(O)ccc2c1Oc1ccc(OCCN2CC(CF)C2)cc1,1870,Nipah virus
CC(c1ccc(C(=O)N2CC(C(C)(C)C)c3ccccc32)cc1)N1CCCCC1,6320,Nipah virus
O=C(Nc1ccc(SC(F)(F)F)c(Cl)c1)c1ccc(CN2CCCCC2)cc1,2400,Nipah virus
CC1CCN(c2ccc(NC(=O)c3ccc(CN4CCOCC4)cc3)cc2C(F)(F)F)CC1,820,Nipah virus
O=C(Nc1ccc(C2CCCCC2)cc1)c1ccc(CN2CCCCC2)c(F)c1,16550,Nipah virus
CC(c1ccc(C(=O)N2CCc3cc(C(C)(C)C)ccc32)cc1)N1CCCCC1,3380,Nipah virus
CC(C)(C)c1ccc(NC(=O)c2ccc(CN3CCCCC3)cc2)c(C(C)(C)C)c1,2000,Nipah virus
O=C(Nc1ccc(C23CC4CC(CC(C4)C2)C3)cc1)c1ccc(CN2CCCCC2)cc1,1230,Nipah virus
O=C(c1ccc(CN2CCCCC2)cc1)N1CCc2ccc(C(F)(F)F)cc21,8170,Nipah virus
CC(c1ccc(C(=O)Nc2ccc(C3CCCCC3)cc2)cc1)N1CCCCC1,5560,Nipah virus
O=C(Nc1ccc(C23CC4CC(CC(C4)C2)C3)cc1)c1ccc(CN2CCOCC2)cc1,520,Nipah virus
Cc1c(-c2ccc(O)cc2)n(Cc2ccc(OCCN3CCCCCC3)cc2)c2ccc(O)cc12,3830,Nipah virus
COc1ccc2c(Oc3ccc(OCCN4CCCCC4)cc3)c(-c3ccccc3)sc2c1,3180,Nipah virus
CC/C(=C(/c1ccc(NC(=O)CN2CCOCC2)cc1)c1ccc(OCCN2CCCC2)cc1)c1ccccc1,1210,Nipah virus
CC/C(=C(/c1ccc(N)cc1)c1ccc(OCCN2CCCC2)cc1)c1ccccc1,1070,Nipah virus
COc1ccc2c(Oc3ccc(OCCN4CCCCC4)cc3)c(-c3ccc(Br)cc3)sc2c1,1250,Nipah virus
CC1=C(c2ccc(O)cc2)[C@H](c2ccc(OCCN3CCCCC3)cc2)Oc2ccccc21,900,Nipah virus
CC/C(=C(/c1ccc(NC(=O)CC2CCN(C)CC2)cc1)c1ccc(OCCN2CCCC2)cc1)c1ccccc1,620,Nipah virus
COc1ccc2c(Oc3ccc(OCCN4CCCCC4)cc3)c(-c3ccc(Br)cc3)[s+]([O-])c2c1,1810,Nipah virus
CC/C(=C(/c1ccc(NC(=O)C2CCN(C)CC2)cc1)c1ccc(OCCN2CCCC2)cc1)c1ccccc1,540,Nipah virus
CCC(c1ccccc1)C(O)(c1ccc(OCCN(C)C)cc1)c1cccc(O)c1,4400,Nipah virus
CC/C(=C(/c1ccc(NC(=O)N2CCN(C)CC2)cc1)c1ccc(OCCN2CCCC2)cc1)c1ccccc1,750,Nipah virus
CC1(C)[C@H]2CC[C@]1(C)[C@H](OC(=O)CCN1CCCCC1)C2.Cl,18100,Nipah virus
CC/C(=C(/c1ccc(NC(=O)CN2CCOCC2)cc1)c1ccc(OCCN2CCOCC2)cc1)c1ccccc1,3240,Nipah virus
CC/C(=C(/c1ccc(NC(=O)CN2CCN(C)CC2)cc1)c1ccc(OCCN2CCCC2)cc1)c1ccccc1,360,Nipah virus
CC/C(=C(/c1ccc(NC(=O)C2CCN(C)C2)cc1)c1ccc(OCCN2CCCC2)cc1)c1ccccc1,720,Nipah virus
CC1CCN(CCC(=O)O[C@@H]2C[C@@H]3CC[C@@]2(C)C3(C)C)CC1.Cl,5700,Nipah virus
CC/C(=C(/c1ccc(NCCN2CCOCC2)cc1)c1ccc(OCCN2CCOCC2)cc1)c1ccccc1,2180,Nipah virus
CC/C(=C(/c1ccc(NC(=O)C2CCN(C3CCN(C)CC3)CC2)cc1)c1ccc(OCCN2CCCC2)cc1)c1ccccc1,1070,Nipah virus
COc1ccc(-c2sc3cc(OC)ccc3c2Oc2ccc(OCCN3CCC(CCNC(=O)CCCCNC(=O)OC(C)(C)C)CC3)cc2)cc1,600,Nipah virus
Nc1nccc2c1ncn2[C@@H]1C(F)=C[C@@H](O)[C@H]1O,520,Nipah virus
Nc1ncc(Br)c2c1ncn2[C@@H]1C(F)=C[C@@H](O)[C@H]1O,100,Nipah virus
C=C(C)O[C@@H]1[C@@H](OC(C)=O)[C@H](NC(=O)[C@]23CCC(C)(C)C[C@H]2C2=CC[C@@H]4[C@@]5(C)CCC(=O)C(C)(C)[C@@H]5CC[C@@]4(C)[C@]2(C)CC3=O)O[C@H](COC(C)=O)[C@@H]1OC(C)=O,2290,Nipah virus
C#CN(CCCC1(C)N=N1)C(=O)[C@]12CCC(C)(C)C[C@H]1C1=CC[C@@H]3[C@@]4(C)CCC(=O)C(C)(C)[C@@H]4CC[C@@]3(C)[C@]1(C)CC2=O,5520,Nipah virus
Cc1c(-c2ccc(O)cc2)nn(-c2ccc(O)cc2)c1-c1ccc(OCCN2CCCCC2)cc1,1190,Nipah virus
O=c1oc2c(O)c(O)cc3c(=O)oc4c(O)c(O)cc1c4c23,6400,Nipah virus
CN[C@H]1CC[C@@H](c2ccc(Cl)c(Cl)c2)c2ccccc21,2430,Nipah virus
O=C(c1ccc(OCCN2CCCCC2)cc1)c1c(-c2ccc(O)cc2)sc2cc(O)ccc12,2200,Nipah virus
CC/C(=C(\c1ccccc1)c1ccc(OCCN(C)C)cc1)c1ccccc1,1810,Nipah virus
C[C@H](O)C1=C[C@@H](n2cnc3c(N)ncnc32)[C@H](O)[C@@H]1O,324.5816503,Nipah virus
Nc1ncnc2c([C@@H]3N[C@H](CO)[C@@H](O)[C@H]3O)c[nH]c12,1800,Nipah virus
Nc1nc(Cl)nc2c1ncn2[C@@H]1C=C(CO)[C@@H](O)[C@H]1O,97413.50353,Nipah virus
Nc1ncnc2c(C3OC(CO)CC3O)n[nH]c12,398009.9502,Nipah virus
COc1ccc(-n2c(SC(C)C(=O)Nc3ncc(Cl)cc3Cl)nc3ccccc32)cc1,200,Nipah virus
O=C(CSc1nc2ccccc2n1-c1ccccc1)Nc1ncc(Cl)cc1Cl,700,Nipah virus
Cc1cccc(-n2c(SCC(=O)Nc3ncc(Cl)cc3Cl)nc3ccccc32)c1,2100,Nipah virus
NC(=O)c1ncn([C@@H]2O[C@H](CO)[C@@H](O)[C@H]2O)n1,30000,Nipah virus
NC1=NCNc2c1ncn2CC(O)CO,94688.00303,Nipah virus
Nc1ncnc2c1ncn2[C@H]1[C@H](O)[C@H](O)[C@@H](CO)C12CC2,7000,Nipah virus
COc1ccc(-n2c(SC(C)C(=O)Nc3ncc(C(F)(F)F)cc3Cl)nc3ccccc32)cc1,400,Nipah virus
CC(Sc1nc2ccccc2n1-c1ccc(F)cc1)C(=O)Nc1ncc(Cl)cc1Cl,100,Nipah virus
CCOc1ccc(-n2c(SC(C)C(=O)Nc3ncc(Cl)cc3Cl)nc3ccccc32)cc1,100,Nipah virus
COc1ccc(-n2c(SC(C)C(=O)Nc3nc(C)c(Cl)cc3Cl)nc3ccccc32)cc1,200,Nipah virus
COc1ccc(-n2c(SC(C)C(=O)Nc3nc(C)c(Br)cc3Br)nc3ccccc32)cc1,500,Nipah virus
COc1ccc(-n2c(SC(C)C(=O)Nc3ncc(C)cc3Cl)nc3ccccc32)cc1,50,Nipah virus
CCOc1ccc(-n2c(SC(C)C(=O)Nc3cc(C)cc(C)n3)nc3ccccc32)cc1,1200,Nipah virus
Cc1nnc(NC(=O)C(C)Sc2nc3ccccc3n2-c2ccc(F)cc2)nc1C,17400,Nipah virus
COc1ccc(-n2c(SC(C)C(=O)Nc3cc(C)nn3C)nc3ccccc32)cc1,500,Nipah virus
COc1ccc(-n2c(SC(C)C(=O)Nc3nnc(C)c(C)n3)nc3ccccc32)cc1,9300,Nipah virus
COc1ccc(-n2c(SC(C)C(=O)Nc3nc(C)cs3)nc3ccccc32)cc1,2800,Nipah virus
COc1ccc(-n2c(SC(C)C(=O)Nc3cc(C)no3)nc3ccccc32)cc1,400,Nipah virus
COc1ccc(-n2c(SC(C)C(=O)Nc3cc(Br)ccc3Br)nc3ccccc32)cc1,1400,Nipah virus
COc1ccc(-n2c(SC(C)C(=O)Nc3ccc(C)cc3Cl)nc3ccccc32)cc1,30,Nipah virus
COc1ccc(-n2c(S[C@@H](C)C(=O)Nc3ccc(C)cc3Cl)nc3ccccc32)cc1,300,Nipah virus
COc1ccc(-n2c(S[C@H](C)C(=O)Nc3ccc(C)cc3Cl)nc3ccccc32)cc1,200,Nipah virus
COc1ccc(-n2c([S+]([O-])C(C)C(=O)Nc3ccc(C)cc3Cl)nc3ccccc32)cc1,1300,Nipah virus
Cc1ccc(NC(=O)C(C)Sc2nc3ccccc3n2Cc2ccccc2)c(Cl)c1,400,Nipah virus
COc1ccc(Cn2c(SC(C)C(=O)Nc3ccc(C)cc3Cl)nc3ccccc32)cc1,700,Nipah virus
Nc1nccc2c1ncn2[C@@H]1O[C@H](CO)[C@@H](O)[C@H]1O,150229.0994,Nipah virus
COCOCC1CCCCN1S(=O)(=O)c1ccc(NC(=O)c2cc(C(F)(F)F)nn2C)cc1,1500,Nipah virus
COCOCC1CCCN(S(=O)(=O)c2ccc(NC(=O)c3cc(C(F)(F)F)nn3C)cc2)C1,3800,Nipah virus
COCOCC1CCN(S(=O)(=O)c2ccc(NC(=O)c3cc(C(F)(F)F)nn3C)cc2)CC1,16000,Nipah virus
Cn1nc(C(F)(F)F)cc1C(=O)Nc1ccc(S(=O)(=O)N2CCCCC2CN2CCOCC2)cc1,9300,Nipah virus
Cn1nc(C(F)(F)F)cc1C(=O)Nc1ccc(S(=O)(=O)N2CCCCC2CN=[N+]=[N-])cc1,1500,Nipah virus
Cn1nc(C(F)(F)F)cc1C(=O)Nc1ccc(S(=O)(=O)N2CCCCC2CN)cc1,55000,Nipah virus
CC(=O)NCC1CCCCN1S(=O)(=O)c1ccc(NC(=O)c2cc(C(F)(F)F)nn2C)cc1,14000,Nipah virus
CCOC(=O)/C=C/C1CCCCN1S(=O)(=O)c1ccc(NC(=O)c2cc(C(F)(F)F)nn2C)cc1,6800,Nipah virus
Cn1nc(C(F)(F)F)cc1C(=O)Nc1ccc(S(=O)(=O)N2CCCCC2/C=C/CO)cc1,3700,Nipah virus
CCOC(=O)CCC1CCCCN1S(=O)(=O)c1ccc(NC(=O)c2cc(C(F)(F)F)nn2C)cc1,6700,Nipah virus
Cn1nc(C(F)(F)F)cc1C(=O)Nc1ccc(S(=O)(=O)N2CCCCC2CCCO)cc1,2700,Nipah virus
Cn1nc(C(F)(F)F)cc1C(=O)Nc1ccc(S(=O)(=O)N2CCCCC2CCO)cc1,100,Nipah virus
Cn1nc(C(F)(F)F)cc1C(=O)Nc1ccc(S(=O)(=O)N2CCCC[C@@H]2CCO)cc1,8300,Nipah virus
Cn1nc(C(F)(F)F)cc1C(=O)Nc1ccc(S(=O)(=O)N2CCCC[C@H]2CCO)cc1,3100,Nipah virus
Cn1nc(C(F)(F)F)cc1C(=O)Nc1ccc(S(=O)(=O)N2CCCCC2CCN2CCOCC2)cc1,4600,Nipah virus
Cn1nc(C(F)(F)F)cc1C(=O)Nc1ccc(S(=O)(=O)N2CCCC[C@H]2CCN2CCOCC2)cc1,60,Nipah virus
CCOC(=O)COCC1CCCCN1S(=O)(=O)c1ccc(NC(=O)c2cc(C(F)(F)F)nn2C)cc1,25000,Nipah virus
Cn1nc(C(F)(F)F)cc1C(=O)Nc1ccc(S(=O)(=O)N2CCCCC2COCCO)cc1,8300,Nipah virus
Cn1nc(C(F)(F)F)cc1C(=O)Nc1ccc(S(=O)(=O)c2ccccc2)cc1,90,Nipah virus
COc1ccccc1S(=O)(=O)c1ccc(NC(=O)c2cc(C(F)(F)F)nn2C)cc1,3100,Nipah virus
Cn1nc(C(F)(F)F)cc1C(=O)Nc1ccc(S(=O)(=O)c2ccccc2O)cc1,4500,Nipah virus
CC(=O)Oc1ccccc1S(=O)(=O)c1ccc(NC(=O)c2cc(C(F)(F)F)nn2C)cc1,4500,Nipah virus
Cn1nc(C(F)(F)F)cc1C(=O)Nc1ccc(S(=O)(=O)c2ccccc2CO)cc1,3500,Nipah virus
Nc1ncc(Br)c2c1ncn2[C@@H]1C[C@H](CO)[C@@H](O)[C@H]1O,16000,Nipah virus
Nc1ncnc2c1ccn2[C@H]1C[C@H](O)[C@@H](CO)O1,210000,Nipah virus
NC(=O)c1cn([C@@H]2O[C@H](CO)[C@@H](O)[C@@H]2O)c2ncnc(N)c12,32333.16089,Nipah virus
O=C(Cc1ccccc1)Nc1cc(CO)cc([N+](=O)[O-])c1,6000,Nipah virus
NC(=O)c1cc(N)cc(NC(=O)Cc2ccccc2)c1,18000,Nipah virus
OC[C@H]1O[C@@H](n2ccc3c(S)ncnc32)C[C@@H]1O,27000,Nipah virus
COC(=O)c1cc(NC(=O)Cc2ccccc2)cc([N+](=O)[O-])c1,4000,Nipah virus
O=C(Cc1ccccc1)Nc1cc([N+](=O)[O-])ccc1O,47000,Nipah virus
O=C(Cc1ccccc1)Nc1ccccc1C(=O)O,60000,Nipah virus
O=C(Cc1ccccc1)Nc1cccc(O)c1,25000,Nipah virus
COC(=O)c1ccc(O)c(NC(=O)Cc2ccccc2)c1,66000,Nipah virus
Nc1cc(C(=O)NCc2ccccc2)cc([N+](=O)[O-])c1,23000,Nipah virus
NC(=O)c1ccc(O)c(NC(=O)Cc2ccccc2)c1,127000,Nipah virus
Nc1cc(NC(=O)Cc2ccccc2)cc(C(=O)O)c1,55000,Nipah virus
Nc1ccc(NC(=O)Cc2ccccc2)c(O)c1,75000,Nipah virus
Nc1ccc(NC(=O)Cc2ccccc2)cc1,135000,Nipah virus
O=C(Cc1cccc(F)c1)Nc1cccc([N+](=O)[O-])c1,47000,Nipah virus
O=C(Cc1ccccc1)Nc1cccc([N+](=O)[O-])c1,8500,Nipah virus
Nc1ccc2oc(Cc3ccccc3)nc2c1,55000,Nipah virus
NC(=O)c1cc(NC(=O)Cc2ccccc2)cc([N+](=O)[O-])c1,3700,Nipah virus
O=C(Cc1ccccc1)Nc1ccc(F)cn1,109000,Nipah virus
O=C(Cc1ccccc1)Nc1cc([N+](=O)[O-])ccc1C(=O)OCc1ccccc1,68000,Nipah virus
Nc1cc(NC(=O)Cc2ccccc2)cc([N+](=O)[O-])c1,11000,Nipah virus
O=C(Cc1ccccc1)Nc1ccccc1O,13000,Nipah virus
O=C(Cc1ccc(F)cc1)Nc1cccc([N+](=O)[O-])c1,9000,Nipah virus
N#Cc1cccc(NC(=O)Cc2ccccc2)c1,6500,Nipah virus
O=C(Cc1ccccc1)Nc1cc(C(=O)O)cc([N+](=O)[O-])c1,5000,Nipah virus
Nc1ncc(Cl)c2c1ncn2[C@@H]1C[C@H](O)[C@@H](O)[C@H]1O,180,Nipah virus
Nc1ncc(I)c2c1ncn2[C@@H]1C[C@H](O)[C@@H](O)[C@H]1O,2900,Nipah virus
CCCCCOCCCCCCCCCc1cc2cn([C@@H]3CC[C@H](CO)O3)c(=O)nc2o1,7500,Nipah virus
CSc1nc(N)c2cc(C)n([C@H]3C[C@H](O)[C@@H](CO)O3)c2n1,250000,Nipah virus
CSc1nc(N)c2cc(Cl)n([C@H]3C[C@H](O)[C@@H](CO)O3)c2n1,100000,Nipah virus
Cc1cc2c(N)ncnc2n1[C@H]1C[C@H](O)[C@@H](CO)O1,500000,Nipah virus
Nc1ncnc2c1cc(Cl)n2[C@H]1C[C@H](O)[C@@H](CO)O1,360000,Nipah virus
Cc1nc(N)c2ccn([C@H]3C[C@H](O)[C@@H](CO)O3)c2n1,920000,Nipah virus
OC[C@H]1O[C@@H](n2ccc3c(Cl)ncnc32)C[C@@H]1O,89000,Nipah virus
Cc1nc(N)c2cc(Cl)n([C@H]3C[C@H](O)[C@@H](CO)O3)c2n1,360000,Nipah virus
CSc1ncc2cc(C)n([C@H]3C[C@H](O)[C@@H](CO)O3)c2n1,95000,Nipah virus
Cc1cc2cncnc2n1[C@H]1C[C@H](O)[C@@H](CO)O1,300000,Nipah virus
OC[C@H]1O[C@@H](n2ccc3cncnc32)C[C@@H]1O,250000,Nipah virus
Cn1nc(C(F)(F)F)cc1C(=O)Nc1ccc(S(=O)(=O)N2CCC[C@H]2C(=O)O)cc1,23000,Nipah virus
O=C(Nc1ccc(S(=O)(=O)N2CCCC2)cc1)c1ccc(C(F)(F)F)cc1,48000,Nipah virus
Cn1nc(C(F)(F)F)cc1C(=O)Nc1ccc(S(=O)(=O)N2CCOCC2)cc1,43000,Nipah virus
Cn1nc(C(F)(F)F)cc1C(=O)Nc1ccc(S(=O)(=O)N2CCCCC2)cc1,14,Nipah virus
Cn1nc(C(F)(F)F)cc1C(=O)Nc1ccc(S(=O)(=O)N2CCNCC2)cc1,28000,Nipah virus
Nc1ncnc2c1ncn2[C@@H]1C[C@H](F)[C@@H](O)[C@H]1O,4738.587901,Nipah virus
Nc1ncnc2c1ccn2[C@@H]1O[C@H](CO)[C@@H](O)[C@H]1O,1126.718245,Nipah virus
Nc1ncnc2c1ncn2[C@@H]1C=C[C@@H](O)[C@H]1O,2015.17815,Nipah virus
N#Cc1cn([C@H]2C[C@H](O)[C@@H](CO)O2)c2ncnc(N)c12,1816.398445,Nipah virus
NC(=S)c1[nH]nc([C@@H]2O[C@H](CO)[C@@H](O)[C@H]2O)c1OCc1ccccc1,500000,Nipah virus
CCOP(=O)(O)OC[C@H]1O[C@@H](C2=NNC(C(N)=O)C2=O)[C@H](O)[C@@H]1O,97000,Nipah virus
NC(=O)C1NN=C([C@@H]2O[C@H](CO)[C@@H](O)[C@H]2O)C1=O,9600,Nipah virus
N=C(N)C1NN=C([C@@H]2O[C@H](CO)[C@@H](O)[C@H]2O)C1=O,5000000,Nipah virus
COP(=O)(OC)OC[C@H]1O[C@@H](C2=NNC(C(N)=O)C2=O)[C@H](O)[C@@H]1O,1400000,Nipah virus
NC(=O)c1[nH]nc([C@@H]2O[C@H](CO)[C@@H](O)[C@H]2O)c1OCc1ccccc1,1300000,Nipah virus
N#CC1NN=C([C@@H]2O[C@H](CO)[C@@H](O)[C@H]2O)C1=O,5000000,Nipah virus
Nc1nccn2c([C@@H]3O[C@H](CO)[C@@H](O)[C@H]3O)nnc12,748362.956,Nipah virus
NC(=O)c1[nH]nc(C2O[C@H](COP(=O)(O)O)[C@H](O)[C@@H]2O)c1O,20000,Nipah virus
Nc1cc2[nH]cnc2c(=O)[nH]1,4100,Nipah virus
CCCCCOC(=O)C(O)Cn1cnc2c(N)ncnc21,238639.0754,Nipah virus
CCOC(=O)C(O)Cn1cnc2c(N)ncnc21,79601.99005,Nipah virus
Nc1ncnc2c1ncn2C1=C[C@@H](CO)[C@H](O)[C@@H]1O,720,Nipah virus
CCOc1nn(-c2ncccn2)c(C)c1Cc1ccccc1,2700,Nipah virus
CCOc1nn(-c2ccc(C)cn2)c(C)c1Cc1ccccc1,630.9573445,Nipah virus
CCOc1nn(-c2ncc(Br)cn2)c(C)c1Cc1ccccc1,100,Nipah virus
CCOc1nn(-c2ncc(OC)cn2)c(C)c1Cc1ccccc1,630.9573445,Nipah virus
CCOc1nn(-c2nccc(C)n2)c(C)c1Cc1ccccc1,794.3282347,Nipah virus
CCOc1nn(-c2ncc(CC)cn2)c(C)c1Cc1ccccc1,19.95262315,Nipah virus
CCCc1cnc(-n2nc(OCC)c(Cc3ccccc3)c2C)nc1,31.6227766,Nipah virus
CCOc1nn(-c2ncc(C3CC3)cn2)c(C)c1Cc1ccccc1,25.11886432,Nipah virus
CCOc1nn(-c2ncc(C)cn2)c(C)c1Cc1ccccc1,31.6227766,Nipah virus
CCOc1nn(-c2ncc(CC)c(C)n2)c(C)c1Cc1ccccc1,39.81071706,Nipah virus
Cc1c(Cc2ccccc2)c(OC(C)C)nn1-c1ncc(C2CC2)cn1,6.309573445,Nipah virus
CCc1cnc(-n2nc(O)c(Cc3ccccc3)c2C)nc1,501.1872336,Nipah virus
Cc1c(Cc2ccccc2)c(O)nn1-c1ncc(C2CC2)cn1,2511.886432,Nipah virus
COc1nn(-c2ncc(C3CC3)cn2)c(C)c1Cc1ccccc1,50.11872336,Nipah virus
CCc1cnc(-n2nc(OC(C)C)c(Cc3ccccc3)c2C)nc1,3.981071706,Nipah virus
CCC(C)Oc1nn(-c2ncc(C3CC3)cn2)c(C)c1Cc1ccccc1,1.995262315,Nipah virus
CCC(CC)Oc1nn(-c2ncc(C3CC3)cn2)c(C)c1Cc1ccccc1,1.584893192,Nipah virus
CCc1cnc(-n2nc(OCCCN(C)C)c(Cc3ccccc3)c2C)nc1,794.3282347,Nipah virus
CCc1cnc(-n2nc(OCCOCc3ccccc3)c(Cc3ccccc3)c2C)nc1,50.11872336,Nipah virus
CCc1cnc(-n2nc(OCCO)c(Cc3ccccc3)c2C)nc1,251.1886432,Nipah virus
CCc1cnc(-n2nc(OC(C)C)c(Cc3ccccc3F)c2C)nc1,1.584893192,Nipah virus
Cc1c(Cc2ccccc2F)c(OC(C)C)nn1-c1ncc(C2CC2)cn1,1.258925412,Nipah virus
CCc1cnc(-n2nc(OC(C)C)c(Cc3cccc(F)c3)c2C)nc1,6.309573445,Nipah virus
CCc1cnc(-n2nc(OC(C)C)c(Cc3ccc(F)cc3)c2C)nc1,39.81071706,Nipah virus
CCOc1ccccc1Cc1c(OC(C)C)nn(-c2ncc(CC)cn2)c1C,6.309573445,Nipah virus
CCOc1cccc(Cc2c(OC(C)C)nn(-c3ncc(CC)cn3)c2C)c1,6.309573445,Nipah virus
CCOc1ccc(Cc2c(OC(C)C)nn(-c3ncc(CC)cn3)c2C)cc1,79.43282347,Nipah virus
CCc1cnc(-n2nc(CC(C)C)c(Cc3ccccc3)c2C)nc1,31.6227766,Nipah virus
CCc1ccc(-n2nc(OC(C)C)c(Cc3ccccc3)c2C)cc1,630.9573445,Nipah virus
Cc1nn(-c2ncc(C3CC3)cn2)c(OC(C)C)c1Cc1ccccc1,158.4893192,Nipah virus
CCOc1nn(-c2ncc(CC)cn2)c(C)c1I,12589.25412,Nipah virus
CCOc1nn(-c2ncc(CC)cn2)c(C)c1-c1ccccc1,3981.071706,Nipah virus
CCOc1nn(-c2ncc(CC)cn2)c(C)c1C(=O)c1ccccc1,630.9573445,Nipah virus
CCOc1nn(-c2ncc(CC)cn2)c(C)c1Sc1ccccc1,125.8925412,Nipah virus
Cc1c(C(O)c2ccccc2)c(OC(C)C)nn1-c1ncc(C2CC2)cn1,1.584893192,Nipah virus
COCc1c(Cc2ccccc2)c(OC(C)C)nn1-c1ncc(C2CC2)cn1,63.09573445,Nipah virus
CCN(CC)Cc1c(Cc2ccccc2)c(OC(C)C)nn1-c1ncc(C2CC2)cn1,7943.282347,Nipah virus
CCOc1nn(-c2ncc(CC)cn2)c(C)c1Oc1ccccc1,630.9573445,Nipah virus
CCOc1nn(-c2ncc(CC)cn2)c(C)c1Oc1ccccc1F,63.09573445,Nipah virus
CCOc1nn(-c2ncc(CC)cn2)c(C)c1Oc1ccccc1Cl,125.8925412,Nipah virus
CCOc1nn(-c2ncc(CC)cn2)c(C)c1Oc1ccccc1Br,125.8925412,Nipah virus
CCOc1nn(-c2ncc(CC)cn2)c(C)c1Oc1ccccc1C(F)(F)F,630.9573445,Nipah virus
CCOc1nn(-c2ncc(CC)cn2)c(C)c1Oc1cccc(C(F)(F)F)c1,50.11872336,Nipah virus
CCOc1nn(-c2ncc(CC)cn2)c(C)c1Oc1ccc(C(F)(F)F)cc1,6309.573445,Nipah virus
CCOc1nn(-c2ncc(CC)cn2)c(C)c1Oc1cccc(Cl)c1Cl,158.4893192,Nipah virus
CCOc1nn(-c2ncc(CC)cn2)c(C)c1Oc1cc(Cl)ccc1Cl,25.11886432,Nipah virus
CCOc1nn(-c2ncc(CC)cn2)c(C)c1Oc1cc(Cl)cc(Cl)c1,1258.925412,Nipah virus
CCc1cnc(-n2nc(OC(C)C)c(Oc3ccccc3F)c2C)nc1,7.943282347,Nipah virus
CCc1cnc(-n2nc(OC(C)C)c(Oc3cccc(F)c3)c2C)nc1,251.1886432,Nipah virus
CCc1cnc(-n2nc(OC(C)C)c(Oc3ccc(F)cc3)c2C)nc1,316.227766,Nipah virus
CCc1cnc(-n2nc(OC(C)C)c(Oc3cccc(F)c3F)c2C)nc1,63.09573445,Nipah virus
CCc1cnc(-n2nc(OC(C)C)c(Oc3ccc(F)cc3F)c2C)nc1,12.58925412,Nipah virus
CCc1cnc(-n2nc(OC(C)C)c(Oc3cc(F)ccc3F)c2C)nc1,50.11872336,Nipah virus
CCc1cnc(-n2nc(OC(C)C)c(Oc3c(F)cccc3F)c2C)nc1,0.794328235,Nipah virus
Cc1c(Oc2c(F)cccc2F)c(OC(C)C)nn1-c1ncccn1,2511.886432,Nipah virus
Cc1c(Oc2c(F)cccc2F)c(OC(C)C)nn1-c1ncc(F)cn1,251.1886432,Nipah virus
Cc1cnc(-n2nc(OC(C)C)c(Oc3c(F)cccc3F)c2C)nc1,12.58925412,Nipah virus
Cc1c(Oc2c(F)cccc2F)c(OC(C)C)nn1-c1ncc(C2CC2)cn1,1.258925412,Nipah virus
CCCc1cnc(-n2nc(OC(C)C)c(Oc3c(F)cccc3F)c2C)nc1,3.16227766,Nipah virus
COc1cnc(-n2nc(OC(C)C)c(Oc3c(F)cccc3F)c2C)nc1,50.11872336,Nipah virus
Cc1c(Oc2c(F)cccc2F)c(OC(C)C)nn1-c1ncc(Br)cn1,12.58925412,Nipah virus
Cc1cnc(-n2nc(OC(C)C)c(Oc3c(F)cccc3F)c2C)nc1O,158.4893192,Nipah virus
CCc1cnc(-n2nc(OC(C)C)c(Oc3c(F)cccc3F)c2C)nc1O,15.84893192,Nipah virus
CCCc1cnc(-n2nc(OC(C)C)c(Oc3c(F)cccc3F)c2C)nc1O,63.09573445,Nipah virus
CCOc1nn(-c2ccc(C3CC3)cn2)c(C)c1Oc1cc(Cl)cc(Cl)c1,125.8925412,Nipah virus
CCOc1nn(-c2cc(C)ccn2)c(C)c1Cc1ccccc1,3981.071706,Nipah virus
CCOc1nn(-c2ncccc2F)c(C)c1Cc1ccccc1,6309.573445,Nipah virus
CCOc1nn(-c2ccc(C(F)(F)F)cn2)c(C)c1Cc1ccccc1,3162.27766,Nipah virus
CCOc1nn(-c2ccc(Cl)cn2)c(C)c1Cc1ccccc1,3162.27766,Nipah virus
CCOc1nn(-c2ccc(Br)cn2)c(C)c1Cc1ccccc1,5011.872336,Nipah virus
CCOc1nn(-c2ncc(Br)cc2F)c(C)c1Cc1ccccc1,1258.925412,Nipah virus
CCOc1nn(-c2ccc(OC)cn2)c(C)c1Cc1ccccc1,3162.27766,Nipah virus
CCOc1nn(-c2ccc(C3CC3)cn2)c(C)c1Cc1ccccc1,100,Nipah virus
Cc1ccc(-n2nc(OC(C)C)c(Oc3c(F)cccc3F)c2C)nc1,25.11886432,Nipah virus
Cc1c(Oc2c(F)cccc2F)c(OC(C)C)nn1-c1ccc(C(F)(F)F)cn1,316.227766,Nipah virus
Cc1c(Oc2c(F)cccc2F)c(OC(C)C)nn1-c1ncc(C2CC2)cc1F,2.511886432,Nipah virus
Cc1c(Oc2c(F)cccc2F)c(OC(C)C)nn1-c1ncc(C2CC2)cc1C#N,7.943282347,Nipah virus
Cc1c(Oc2c(F)cccc2F)c(OC(C)C)nn1-c1ccc(Br)cn1,501.1872336,Nipah virus
Cc1c(Oc2c(F)cccc2F)c(OC(C)C)nn1-c1ncc(Br)cc1F,125.8925412,Nipah virus
Cc1cc(Br)cnc1-n1nc(OC(C)C)c(Oc2c(F)cccc2F)c1C,1258.925412,Nipah virus
COc1ccc(-n2nc(OC(C)C)c(Oc3c(F)cccc3F)c2C)nc1,50.11872336,Nipah virus
CC(=O)c1ccc(-n2nc(OC(C)C)c(Oc3c(F)cccc3F)c2C)nc1,251.1886432,Nipah virus
Cc1c(Oc2c(F)cccc2F)c(OC(C)C)nn1-c1ccc(C(C)(C)O)cn1,199.5262315,Nipah virus
CCc1ccc(-n2nc(OC(C)C)c(Oc3c(F)cccc3F)c2C)nc1,79.43282347,Nipah virus
CCc1cnc(-n2nc(OC(C)C)c(Oc3c(F)cccc3F)c2C)c(F)c1,79.43282347,Nipah virus
Cc1c(Oc2c(F)cccc2F)c(OC(C)C)nn1-c1ccc(C(C)(F)F)cn1,79.43282347,Nipah virus
CCCc1cnc(-n2nc(OC(C)C)c(Oc3c(F)cccc3F)c2C)c(F)c1,199.5262315,Nipah virus
COc1cc(C2CC2)cnc1-n1nc(OC(C)C)c(Oc2c(F)cccc2F)c1C,31.6227766,Nipah virus
Cc1c(Oc2c(F)cccc2F)c(OC(C)C)nn1-c1ncc(C2CC2)cc1N(C)C,31.6227766,Nipah virus
Cc1c(Oc2c(F)cccc2F)c(OC(C)C)nn1-c1ncc(C2CC2)cc1OCc1ccccc1,100,Nipah virus
Cc1c(Oc2c(F)cccc2F)c(OC(C)C)nn1-c1ncc(C2CC2)cc1O,7.943282347,Nipah virus
Cc1ccc(-n2nc(OC(C)C)c(Oc3c(F)cccc3F)c2C)cn1,39.81071706,Nipah virus
CCc1ccc(-n2nc(OC(C)C)c(Oc3c(F)cccc3F)c2C)cn1,1.258925412,Nipah virus
COc1ccc(-n2nc(OC(C)C)c(Oc3c(F)cccc3F)c2C)cn1,1000,Nipah virus
Cc1c(Oc2c(F)cccc2F)c(OC(C)C)nn1-c1cnc(C(C)(C)C)nc1,316.227766,Nipah virus
CCOc1nn(-c2ncc(C3CC3)cc2F)c(C)c1Cc1ccccc1,100,Nipah virus
CCOc1nn(-c2ncc(C3CC3)cc2C#N)c(C)c1Cc1ccccc1,251.1886432,Nipah virus
CCOc1nn(-c2ccc(C(C)(C)O)cn2)c(C)c1Cc1ccccc1,5011.872336,Nipah virus
CCOc1nn(-c2ccc(C(C)C)cn2)c(C)c1Cc1ccccc1,1258.925412,Nipah virus
CCOc1nn(-c2ccc(C3CC3)cn2)c(C)c1Oc1ccccc1,100,Nipah virus
CCOc1nn(-c2ccc(C3CC3)cn2)c(C)c1Oc1ccccc1F,19.95262315,Nipah virus
CCOc1nn(-c2ccc(C3CC3)cn2)c(C)c1Oc1ccccc1Cl,12.58925412,Nipah virus
CCOc1nn(-c2ccc(C3CC3)cn2)c(C)c1Oc1ccccc1Br,15.84893192,Nipah virus
CCOc1nn(-c2ccc(C3CC3)cn2)c(C)c1Oc1ccccc1C(F)(F)F,50.11872336,Nipah virus
CCOc1nn(-c2ccc(C3CC3)cn2)c(C)c1Oc1cccc(C(F)(F)F)c1,79.43282347,Nipah virus
CCOc1nn(-c2ccc(C3CC3)cn2)c(C)c1Oc1ccc(C(F)(F)F)cc1,5011.872336,Nipah virus
CCOc1nn(-c2ccc(C3CC3)cn2)c(C)c1Oc1cccc(Cl)c1Cl,12.58925412,Nipah virus
CCOc1nn(-c2ccc(C3CC3)cn2)c(C)c1Oc1cc(Cl)ccc1Cl,79.43282347,Nipah virus
Cc1c(Oc2ccccc2F)c(OC(C)C)nn1-c1ccc(C2CC2)cn1,39.81071706,Nipah virus
Cc1c(Oc2cccc(F)c2)c(OC(C)C)nn1-c1ccc(C2CC2)cn1,158.4893192,Nipah virus
Cc1c(Oc2ccc(F)cc2)c(OC(C)C)nn1-c1ccc(C2CC2)cn1,1258.925412,Nipah virus
Cc1c(Oc2cccc(F)c2F)c(OC(C)C)nn1-c1ccc(C2CC2)cn1,39.81071706,Nipah virus
Cc1c(Oc2ccc(F)cc2F)c(OC(C)C)nn1-c1ccc(C2CC2)cn1,316.227766,Nipah virus
Cc1c(Oc2cc(F)ccc2F)c(OC(C)C)nn1-c1ccc(C2CC2)cn1,39.81071706,Nipah virus
Cc1c(Oc2c(F)cccc2F)c(OC(C)C)nn1-c1ccc(C2CC2)cn1,1,Nipah virus
CCOc1nn(-c2ccc(C3CC3)nn2)c(C)c1Oc1ccccc1F,19.95262315,Nipah virus
CCOc1nn(-c2ccc(C3CC3)nn2)c(C)c1Oc1ccccc1Cl,79.43282347,Nipah virus
CCOc1nn(-c2ccc(C3CC3)nn2)c(C)c1Oc1ccccc1Br,63.09573445,Nipah virus
CCOc1nn(-c2ccc(C3CC3)nn2)c(C)c1Oc1ccccc1C(F)(F)F,158.4893192,Nipah virus
CCOc1nn(-c2ccc(C3CC3)nn2)c(C)c1Oc1cccc(C(F)(F)F)c1,398.1071706,Nipah virus
CCOc1nn(-c2ccc(C3CC3)nn2)c(C)c1Oc1ccc(C(F)(F)F)cc1,6309.573445,Nipah virus
CCOc1nn(-c2ccc(C3CC3)nn2)c(C)c1Oc1cccc(Cl)c1Cl,39.81071706,Nipah virus
CCOc1nn(-c2ccc(C3CC3)nn2)c(C)c1Oc1cc(Cl)ccc1Cl,125.8925412,Nipah virus
CCOc1nn(-c2ccc(C3CC3)nn2)c(C)c1Oc1cc(Cl)cc(Cl)c1,630.9573445,Nipah virus
Cc1c(Oc2ccccc2F)c(OC(C)C)nn1-c1ccc(C2CC2)nn1,39.81071706,Nipah virus
Cc1c(Oc2cccc(F)c2)c(OC(C)C)nn1-c1ccc(C2CC2)nn1,398.1071706,Nipah virus
Cc1c(Oc2ccc(F)cc2)c(OC(C)C)nn1-c1ccc(C2CC2)nn1,2511.886432,Nipah virus
Cc1c(Oc2cccc(F)c2F)c(OC(C)C)nn1-c1ccc(C2CC2)nn1,39.81071706,Nipah virus
Cc1c(Oc2ccc(F)cc2F)c(OC(C)C)nn1-c1ccc(C2CC2)nn1,398.1071706,Nipah virus
Cc1c(Oc2cc(F)ccc2F)c(OC(C)C)nn1-c1ccc(C2CC2)nn1,100,Nipah virus
Cc1c(Oc2c(F)cccc2F)c(OC(C)C)nn1-c1ccc(C2CC2)nn1,1.995262315,Nipah virus
Cc1c(Oc2c(F)cccc2F)c(OC(C)C)nn1-c1cnc(C2CC2)nc1,158.4893192,Nipah virus
Cc1c(Oc2c(F)cccc2F)c(OC(C)C)nn1-c1cnc(Br)cn1,3162.27766,Nipah virus
Cc1c(Oc2c(F)cccc2F)c(OC(C)C)nn1-c1cnc(C(F)(F)F)cn1,5011.872336,Nipah virus
COc1cnc(-n2nc(OC(C)C)c(Oc3c(F)cccc3F)c2C)cn1,794.3282347,Nipah virus
Cc1c(Oc2c(F)cccc2F)c(OC(C)C)nn1-c1cnc(C2CC2)cn1,2.511886432,Nipah virus
Cc1ccc(-n2nc(OC(C)C)c(Oc3c(F)cccc3F)c2C)nn1,5.011872336,Nipah virus
Cc1c(Oc2c(F)cccc2F)c(OC(C)C)nn1-c1ccc(Cl)nn1,158.4893192,Nipah virus
COc1ccc(-n2nc(OC(C)C)c(Oc3c(F)cccc3F)c2C)nn1,79.43282347,Nipah virus
CCOc1ccc(-n2nc(OC(C)C)c(Oc3c(F)cccc3F)c2C)nn1,199.5262315,Nipah virus
CCc1nnc(-n2nc(OC(C)C)c(Oc3c(F)cccc3F)c2C)nc1O,25.11886432,Nipah virus
CCn1cnc(-n2nc(OC(C)C)c(Oc3c(F)cccc3F)c2C)c1,125.8925412,Nipah virus
Nc1nc(F)cc2c1ncn2[C@@H]1C=C(CO)[C@@H](O)[C@H]1O,8500,Nipah virus
Nc1nc(F)cc2c1ncn2[C@@H]1C=C(CCO)[C@@H](O)[C@H]1O,89800,Nipah virus
Nc1nc(F)cc2c1ncn2[C@@H]1C[C@H](CO)[C@@H](O)[C@H]1O,9600,Nipah virus
Nc1nc(F)cc2c1ncn2[C@@H]1C[C@H](CCO)[C@@H](O)[C@H]1O,162000,Nipah virus
Nc1nc(F)cc2c1ncn2[C@@H]1C[C@H](O)[C@@H](O)[C@H]1O,30200,Nipah virus
Nc1ccn([C@@H]2O[C@H](CO)[C@@H](O)[C@H]2F)c(=O)n1,1100,Nipah virus
O=C(Cc1ccccc1)Nc1ccc([N+](=O)[O-])cc1,16000,Nipah virus
O=C(Cc1ccccc1)Nc1cc([N+](=O)[O-])cc([N+](=O)[O-])c1,30000,Nipah virus
O=C(Cc1ccccc1)Nc1ccc(O)c([N+](=O)[O-])c1,63000,Nipah virus
Cc1c(-c2ccc(-c3ccccc3F)cc2)nc2ccc(F)cc2c1C(=O)O,39.81071706,Nipah virus
O=C(Cc1ccccc1)Nc1cc(NO)cc([N+](=O)[O-])c1,6000,Nipah virus
Cn1nc(C(F)(F)F)cc1C(=O)Nc1ccc(S(=O)(=O)N2CCC[C@H]2C(=O)OCc2ccccc2)cc1,14000,Nipah virus
Cn1nc(C(C)(C)C)cc1C(=O)Nc1ccc(S(=O)(=O)N2CCCC2)cc1,25000,Nipah virus
O=C(Nc1ccc(S(=O)(=O)N2CCCC2)cc1)c1nccn1-c1ccccc1C(F)(F)F,65000,Nipah virus
Cn1nc(C(F)(F)F)cc1C(=O)Cc1ccc(S(=O)(=O)N2CCCC2)cc1,15500,Nipah virus
Cn1nc(C(F)(F)F)cc1C(O)Cc1ccc(S(=O)(=O)N2CCCC2)cc1,41000,Nipah virus
Nc1ncnc2c1ncn2[C@@H]1C[C@H](CF)[C@@H](O)[C@H]1O,2800,Nipah virus
NC(=O)c1ccc([N+](=O)[O-])cc1NC(=O)Cc1ccccc1,600,Nipah virus
COC[C@H]1OC(=O)c2coc3c2[C@@]1(C)C1=C(C3=O)[C@@H]2CCC(=O)[C@@]2(C)C[C@H]1OC(C)=O,75000,Nipah virus
Nc1cccc(NC(=O)Cc2ccccc2)c1,19000,Nipah virus
Nc1nc(F)nc2c1ncn2[C@@H]1C=C(CO)[C@@H](O)[C@H]1O,106.6666667,Nipah virus
CCCOC(=O)C(O)Cn1cnc2c(N)ncnc21,376974.4034,Nipah virus
CC1CCCCN1S(=O)(=O)c1ccc(NC(=O)c2cc(C(F)(F)F)nn2C)cc1,29,Nipah virus
Cn1nc(C(F)(F)F)cc1C(=O)Nc1ccc(S(=O)(=O)N2CCCC2)cc1,35,Nipah virus
Nc1ncc(Br)c2c1ncn2C1=CC[C@@H](O)[C@H]1O,25700,Nipah virus
CCn1nc(C(F)(F)F)cc1C(=O)Nc1ccc(S(=O)(=O)N2CCCCC2C)cc1,55,Nipah virus
Nc1nccc2c1ncn2C1=CC[C@@H](O)[C@H]1O,730,Nipah virus
CN(C)S(=O)(=O)c1ccc(NC(=O)c2cc(C(F)(F)F)nn2C)cc1,6300,Nipah virus
Cn1nc(C(F)(F)F)cc1C(=O)Nc1ccc(S(=O)(=O)N2CCC(C(F)(F)F)CC2)cc1,20,Nipah virus
CCCN(CCC)S(=O)(=O)c1ccc(NC(=O)c2cc(C(F)(F)F)nn2C)cc1,190,Nipah virus
CC(C)N(C(C)C)S(=O)(=O)c1ccc(NC(=O)c2cc(C(F)(F)F)nn2C)cc1,530,Nipah virus
Cn1nc(C(F)(F)F)cc1C(=O)Nc1ccc(S(=O)(=O)N2CCC[C@H]2C(=O)OC(=O)c2ccccc2)cc1,14000,Nipah virus
C=CCN(CC=C)S(=O)(=O)c1ccc(NC(=O)c2cc(C(F)(F)F)nn2C)cc1,3300,Nipah virus
CC1CCCC(C)N1S(=O)(=O)c1ccc(NC(=O)c2cc(C(F)(F)F)nn2C)cc1,14,Nipah virus
Cn1nc(C(F)(F)F)cc1C(=O)Nc1ccc(S(=O)(=O)N2CCC(NC(=O)OC(C)(C)C)CC2)cc1,14100,Nipah virus
CCC1CCCCN1S(=O)(=O)c1ccc(NC(=O)c2cc(C(F)(F)F)nn2C)cc1,87,Nipah virus
Nc1cc2[nH]ccc2c(O)n1,2681863.895,Nipah virus
Cn1nc(C(F)(F)F)cc1C(=O)Nc1ccc(S(=O)(=O)N2CCC(O)CC2)cc1,570,Nipah virus
COC(=O)C1CCCCN1S(=O)(=O)c1ccc(NC(=O)c2cc(C(F)(F)F)nn2C)cc1,10000,Nipah virus
Cn1nc(C(F)(F)F)cc1C(=O)Nc1ccc(S(=O)(=O)N2CCCCC2CO)cc1,850,Nipah virus
Nc1ncnc2c1ncn2[C@@H]1O[C@H](CO)[C@@H](O)[C@H]1O,7483.62956,Nipah virus
Cc1ccc2nsnc2c1S(=O)(=O)Nc1ccc(Cl)cc1,2000,Nipah virus
Nc1nccc2c1ncn2[C@@H]1C(F)=C[C@@H](O)[C@H]1O,3600,Nipah virus
Cc1ccc2[nH]c(=O)c(CNS(=O)(=O)c3ccccc3)c(-c3ccccc3)c2c1,15700,Nipah virus
Nc1ncc(Br)c2c1ncn2[C@@H]1C(F)=C[C@@H](O)[C@H]1O,1200,Nipah virus
Nc1ncnc2c1ncn2C[C@H](O)CO,95597.72477,Nipah virus
Nc1ccc(O)c(NC(=O)Cc2ccccc2)c1,260,Nipah virus
CCN(CC)S(=O)(=O)c1ccc(NC(=O)c2cc(C(F)(F)F)nn2C)cc1,19,Nipah virus
Cn1nc(C(F)(F)F)cc1C(=O)Nc1ccc(S(=O)(=O)N2CCCCCCC2)cc1,45,Nipah virus
Cn1nc(C(F)(F)F)cc1C(=O)Nc1ccc(S(=O)(=O)N2CCCCCC2)cc1,5,Nipah virus
Cn1nc(C(F)(F)F)cc1C(=O)Nc1ccc(S(=O)(=O)C2CCCC[C@H]2CCN2CCOCC2)cc1,60,Nipah virus
CC1CCN(S(=O)(=O)c2ccc(NC(=O)c3cc(C(F)(F)F)nn3C)cc2)CC1,35,Nipah virus
Cn1nc(C(F)(F)F)cc1C(=O)Nc1ccc(S(=O)(=O)C2CCCCC2)cc1,14,Nipah virus
O=C(NC(=O)N(c1ccc(Cl)cc1)S(=O)(=O)c1ccccc1)Nc1ccccc1Cl,2800,Nipah virus
Nc1nc(F)cc2c1ncn2C1=C[C@H](CO)[C@@H](O)[C@H]1O,360,Nipah virus
Nc1ncnc2c1ncn2CC(O)C(=O)OCCO,112254.4434,Nipah virus
COc1ccc(N/N=C2\CCCc3ccccc3C2=O)cc1,20417.86988,Nipah virus
O=C1/C(=N/Nc2ccccc2)CCCc2ccccc21,23160.44339,Nipah virus
O=C1/C(=N/Nc2cccc(Cl)c2)CCCc2ccccc21,20085.68464,Nipah virus
CC(=O)c1ccc(N/N=C2\CCCc3ccccc3C2=O)cc1,19985.63828,Nipah virus
O=C1/C(=N/Nc2cccc([N+](=O)[O-])c2)CCCc2ccccc21,19755.60081,Nipah virus
Cc1nc2c(cnn2C2O[C@H](CO)[C@@H](O)[C@H]2O)c(=O)[nH]1,12000,Nipah virus
Cc1nc(N)c2cnn(C3O[C@H](CO)[C@@H](O)[C@H]3O)c2n1,12000,Nipah virus
Cc1nc([SeH])c2cnn(C3O[C@H](CO)[C@@H](O)[C@H]3O)c2n1,1300,Nipah virus
OC[C@H]1OC(n2ncc3c([SeH])ncnc32)[C@H](O)[C@@H]1O,1200,Nipah virus
OC[C@H]1OC(n2ncc3c(S)ncnc32)[C@H](O)[C@@H]1O,12000,Nipah virus
Cc1nc(S)c2cnn(C3O[C@H](CO)[C@@H](O)[C@H]3O)c2n1,1.4,Nipah virus
OC[C@H]1OC(n2nc(Br)c3c([SeH])ncnc32)[C@H](O)[C@@H]1O,1300,Nipah virus
NC(=O)c1[nH]nc(C2O[C@@H](COP(=O)(O)OP(=O)(O)OC[C@H]3OC(n4cnc5c(N)ncnc54)[C@H](O)[C@@H]3O)[C@H](O)[C@@H]2O)c1O,16000,Nipah virus
Cc1ccc(N/N=C2\CCCc3ccccc3C2=O)cc1,25362.83949,Nipah virus
O=C1/C(=N/Nc2ccc([N+](=O)[O-])cc2)CCCc2ccccc21,19652.15142,Nipah virus
Cc1cccc(N/N=C2\CCCc3ccccc3C2=O)c1,21594.33827,Nipah virus
Nc1ncnc2c1ncn2[C@@H]1C=C(CO)[C@@H](O)[C@H]1O,379.8526172,Nipah virus
CC(C)OC(=O)C(O)Cn1cnc2c(N)ncnc21,565461.6052,Nipah virus
CCCCOC(=O)C(O)Cn1cnc2c(N)ncnc21,89509.48801,Nipah virus
Nc1ncnc2c1ncn2CC(O)C(=O)OC1CCCCC1,49125.56494,Nipah virus
COCCOC(=O)C(O)Cn1cnc2c(N)ncnc21,1422121.094,Nipah virus
C/C(O)=C(\C#N)C(=O)Nc1ccc(C(F)(F)F)cc1,5000,Nipah virus
COC(=O)C(O)Cn1cnc2c(N)ncnc21,168619.8466,Nipah virus
CCC(C)OC(=O)C(O)Cn1cnc2c(N)ncnc21,143215.1808,Nipah virus
CC(C)CCOC(=O)C(O)Cn1cnc2c(N)ncnc21,40909.55579,Nipah virus
CC(C)COC(=O)C(O)Cn1cnc2c(N)ncnc21,143215.1808,Nipah virus
CCCCCCCCOC(=O)C(O)Cn1cnc2c(N)ncnc21,208699.8002,Nipah virus
CC(C)(C)OC(=O)C(O)Cn1cnc2c(N)ncnc21,537056.928,Nipah virus
COc1ccc(Cc2nccc3cc(OC)c(OC)cc23)cc1OC,2000,Nipah virus
CC(C)/N=c1\cc2n(-c3ccc(Cl)cc3)c3ccccc3nc-2cc1Nc1ccc(Cl)cc1,2280,Nipah virus
CC(C)/N=c1\cc2n(-c3ccccc3)c3ccccc3nc-2cc1Nc1ccccc1,10700,Nipah virus
CC(=O)c1c(O)c(C)c(O)c(Cc2c(O)c3c(c(C(=O)/C=C/c4ccccc4)c2O)OC(C)(C)C=C3)c1O,1000,Nipah virus
CCC/N=c1\cc2n(-c3ccccc3)c3ccccc3nc-2cc1Nc1ccccc1,760,Nipah virus
N=c1cc2n(-c3ccc(Cl)cc3)c3ccccc3nc-2cc1Nc1ccc(Cl)cc1,20600,Nipah virus
CCC/N=c1\cc2n(-c3ccc(Cl)cc3)c3ccccc3nc-2cc1Nc1ccc(Cl)cc1,24900,Nipah virus
COc1ccc(-n2c3c/c(=N\C(C)C)c(Nc4ccc(Cl)cc4)cc-3nc3ccccc32)cn1,5030,Nipah virus
Clc1ccc(Nc2cc3nc4ccccc4n(-c4ccc(Cl)cc4)c-3c/c2=N\C2CC2)cc1,22700,Nipah virus
CC(C)/N=c1\cc2n(-c3ccc(Cl)cc3)c3ccccc3nc-2cc1NCc1ccc(Cl)cc1,760,Nipah virus
COc1ccc(-n2c3c/c(=N\C4CCC(OC)CC4)c(Nc4ccc(F)cc4)cc-3nc3ccccc32)cn1,2550,Nipah virus
COc1ccc(-n2c3c/c(=N\C4CC4)c(Nc4ccc(F)cc4)cc-3nc3ccccc32)cn1,13200,Nipah virus
N=c1cc2n(-c3ccc(Cl)cc3)c3ccccc3nc-2cc1Nc1ccccc1,20600,Nipah virus
CC(C)/N=c1\cc2n(-c3ccc(Cl)cc3)c3ccccc3nc-2cc1Nc1ccccc1,8440,Nipah virus
COc1ccc(Nc2cc3nc4ccccc4n(-c4ccc(Cl)cc4)c-3c/c2=N\C(C)C)c(OC)c1,6860,Nipah virus
N=c1cc2n(-c3ccccc3)c3ccccc3nc-2cc1NCc1ccccc1,35400,Nipah virus
CC(C)/N=c1\cc2n(-c3ccccc3)c3ccccc3nc-2cc1NCc1ccc(F)cc1,1900,Nipah virus
COc1ccc(Nc2cc3nc4ccccc4n(-c4ccc(OC)nc4)c-3c/c2=N\C(C)C)cc1,13200,Nipah virus
COc1ccc(Nc2cc3nc4ccccc4n(-c4ccc(Cl)cc4)c-3cc2=N)cc1,106000,Nipah virus
COc1ccc(Nc2cc3nc4ccccc4n(-c4ccc(Cl)cc4)c-3c/c2=N\C(C)C)cn1,2290,Nipah virus
COc1ccc(-n2c3c/c(=N\C(C)C)c(Nc4cccc(F)c4)cc-3nc3ccccc32)cn1,1450,Nipah virus
CCC/N=c1\cc2n(-c3ccc(Cl)cc3)c3ccccc3nc-2cc1Nc1ccc(F)cc1,1670,Nipah virus
CC(C)/N=c1\cc2n(-c3ccc(Cl)cc3)c3ccccc3nc-2cc1Nc1ccc(F)cc1,4560,Nipah virus
COc1ccc(-n2c3c/c(=N\C(C)C)c(Nc4ccccc4)cc-3nc3ccccc32)cn1,12300,Nipah virus
COc1ccc(-n2c3c/c(=N\C(C)C)c(Nc4ccc(F)cc4)cc-3nc3ccccc32)cn1,1410,Nipah virus
CC(C)/N=c1\cc2n(-c3ccc(F)cc3)c3ccccc3nc-2cc1Nc1ccc(Cl)cc1,4020,Nipah virus
CC(C)/N=c1\cc2n(-c3ccc(F)cc3)c3ccccc3nc-2cc1Nc1ccc(F)cc1,2290,Nipah virus
COc1ccc(Nc2cc3nc4ccccc4n(-c4ccc(Cl)cc4)c-3c/c2=N\C(C)C)cc1,6860,Nipah virus
CC(C)/N=c1\cc2n(-c3ccc(Cl)cc3)c3ccccc3nc-2cc1Nc1ccc(OC(F)(F)F)cc1,1770,Nipah virus
CCC/N=c1\cc2n(-c3ccc(OC)nc3)c3ccccc3nc-2cc1Nc1ccc(F)cc1,1400,Nipah virus
Fc1ccc(Nc2cc3nc4ccccc4n(-c4ccc(Cl)cc4)c-3c/c2=N\C2CC2)cc1,6860,Nipah virus
CC(C)/N=c1\cc2n(-c3ccccc3)c3ccccc3nc-2cc1Nc1ccc(Cl)cc1,1900,Nipah virus
COc1ccc(Nc2cc3nc4ccccc4n(-c4ccccc4)c-3c/c2=N\C(C)C)cn1,5030,Nipah virus
COc1ccc(Nc2cc3nc4ccccc4n(-c4ccc(Cl)cc4)c-3cc2=N)c(OC)c1,35400,Nipah virus
CC(C)/N=c1\cc2n(-c3ccccc3)c3ccccc3nc-2cc1NCc1ccccc1,1400,Nipah virus
CC(C)(C)c1cc(C=C(C#N)C#N)cc(C(C)(C)C)c1O,900,Nipah virus
O=c1n(Cc2nc3ccccc3n2CCCCO)c2cnccc2n1C1CC1,25000,Nipah virus
CCCCC1C=CC(=O)/C1=C/CC(C)C,300,Nipah virus
CC(C)(C)OC(=O)NC1C=CC(=O)C1,20000,Nipah virus
CC(C)(C)OC(=O)NC1C=CC(=O)/C1=C/c1ccc(Cl)cc1,600,Nipah virus
CC(C)/C=C1/C(=O)C=CC1NC(=O)OC(C)(C)C,1000,Nipah virus
CC(C)/C=C1\C(=O)C=CC1NC(=O)c1ccccc1,300,Nipah virus
CC(C)/C=C1/C(=O)C=C[C@H]1NC(=O)OC(C)(C)C,400,Nipah virus
CC1C=CC(=O)/C1=C/c1ccccc1,900,Nipah virus
CCCCC1C=CC(=O)/C1=C/C(C)C,300,Nipah virus
CC(C)(C)OC(=O)NC1C=CC(=O)/C1=C/c1ccccc1,600,Nipah virus
O=C1C=CC(NC(=O)c2ccccc2)C1,20000,Nipah virus
CC(C)/C=C1/C(=O)C=C[C@@H]1NC(=O)OC(C)(C)C,1000,Nipah virus
CC(C)C(=O)N[C@H]1[C@H]([C@H](O)[C@H](O)CO)OC(C(=O)O)=C[C@@H]1NS(=O)(=O)C(Cl)Cl,1800,Nipah virus
CC(C)C(=O)N[C@H]1[C@H]([C@H](O)[C@H](O)CO)OC(C(=O)O)=C[C@@H]1N=[N+]=[N-],100,Nipah virus
Nc1ncnc2c([C@@H]3N[C@H](CO)[C@@H](O)[C@H]3O)c[nH]c12,3000,Nipah virus
NC(=O)c1ncn([C@@H]2O[C@H](CO)[C@@H](O)[C@H]2O)n1,56099.25883,Nipah virus
CCc1nc2cc3cccnc3c(Cl)c2[nH]c1=O,35000,Nipah virus
CC(C)c1nc2cc3cccnc3c(Cl)c2[nH]c1=O,62000,Nipah virus
O=c1[nH]c2c(Cl)c3ncccc3cc2nc1-c1ccccc1,100000,Nipah virus
C=C(C)[C@@H]1CC[C@]2(C(=O)OC)CC[C@]3(C)[C@H](CC[C@@H]4[C@@](C)(CC#N)[C@H](C(C)(C)[C@H]5OC(C)=NN5C(C)=O)CC[C@]43C)[C@@H]12,620,Nipah virus
C=C(C)[C@@H]1CC[C@]2(C(=O)OC)CC[C@]3(C)[C@H](CC[C@@H]4[C@@](C)(CC#N)[C@H](C(C)(C)[C@@H]5OC(C)=NN5C(C)=O)CC[C@]43C)[C@@H]12,340,Nipah virus
CC(=O)N(/N=C/C(C)(C)[C@@H]1CC[C@]2(C)[C@H](CC[C@@H]3[C@H]4[C@H]5OC[C@@]4(CCC5(C)C)CC[C@]32C)[C@@]1(C)CC#N)C(C)=O,15930,Nipah virus
C=C(C)[C@@H]1CC[C@]2(C(=O)OC)CC[C@]3(C)[C@H](CC[C@@H]4[C@@](C)(CC#N)[C@H](C(C)(C)/C=N/NC(C)=O)CC[C@]43C)[C@@H]12,1580,Nipah virus
CC(=O)N/N=C/C(C)(C)[C@@H]1CC[C@]2(C)[C@H](CC[C@@H]3[C@H]4[C@H]5OC[C@@]4(CCC5(C)C)CC[C@]32C)[C@@]1(C)CC#N,410,Nipah virus
COC(=O)[C@@]1(C)CC[C@]2(C)CC[C@]3(C)C(=CC(=O)[C@@H]4[C@@](C)(CC#N)[C@H](C(C)(C)/C=N/NC(C)=O)CC[C@]43C)[C@@H]2C1,18420,Nipah virus
C=C(C)[C@@H]1CC[C@]2(C(=O)O)CC[C@]3(C)[C@H](CC[C@@H]4[C@@]5(C)CC[C@H](O)C(C)(C)[C@@H]5CC[C@]43C)[C@@H]12,159690,Nipah virus
C[C@H]1[C@H](C)CC[C@]2(C(=O)O)CC[C@]3(C(=O)O[C@@H]4O[C@H](CO)[C@@H](O)[C@H](O)[C@H]4O)C(=CC[C@@H]4[C@@]5(C)CC[C@H](O[C@@H]6O[C@H](CO)[C@@H](O)[C@H](O)[C@H]6O)C(C)(C)[C@@H]5CC[C@]43C)[C@H]12,87000,Nipah virus
C[C@H]1[C@H](C)CC[C@]2(C(=O)O)CC[C@]3(C(=O)O)C(=CC[C@@H]4[C@@]5(C)CC[C@H](O[C@@H]6O[C@H](C)[C@H](O)[C@H](O[C@@H]7O[C@H](CO)[C@@H](O)[C@H](O)[C@H]7O)[C@H]6O)C(C)(C)[C@@H]5CC[C@]43C)[C@H]12,25000,Nipah virus
C[C@H]1[C@H](C)CC[C@]2(C(=O)O[C@@H]3O[C@H](CO)[C@@H](O)[C@H](O)[C@H]3O)CC[C@]3(C(=O)O)C(=CC[C@@H]4[C@@]5(C)CC[C@H](O[C@@H]6O[C@H](C)[C@H](O)[C@H](O[C@@H]7O[C@H](CO)[C@@H](O)[C@H](O)[C@H]7O)[C@H]6O)C(C)(C)[C@@H]5CC[C@]43C)[C@H]12,42000,Nipah virus
C[C@H]1[C@H](C)CC[C@]2(C(=O)O[C@@H]3O[C@H](CO)[C@@H](O)[C@H](O)[C@H]3O)CC[C@]3(C(=O)O)C(=CC[C@@H]4[C@@]5(C)CC[C@H](O[C@@H]6O[C@H](C)[C@@H](O)[C@H](O)[C@H]6O)C(C)(C)[C@@H]5CC[C@]43C)[C@H]12,28000,Nipah virus
C[C@H]1[C@H](C)CC[C@]2(C(=O)O)CC[C@]3(C(=O)O[C@@H]4O[C@H](CO)[C@@H](O)[C@H](O)[C@H]4O)C(=CC[C@@H]4[C@@]5(C)CC[C@H](O[C@@H]6O[C@H](C)[C@H](O)[C@H](O[C@@H]7O[C@H](CO)[C@@H](O)[C@H](O)[C@H]7O)[C@H]6O)C(C)(C)[C@@H]5CC[C@]43C)[C@H]12,63000,Nipah virus
C[C@H]1[C@H](C)CC[C@]2(C(=O)O[C@@H]3O[C@H](CO)[C@@H](O)[C@H](O)[C@H]3O)CC[C@]3(C(=O)O)C(=CC[C@@H]4[C@@]5(C)CC[C@H](O[C@@H]6O[C@H](CO)[C@@H](O)[C@H](O)[C@H]6O)C(C)(C)[C@@H]5CC[C@]43C)[C@H]12,40000,Nipah virus
C[C@H]1[C@H](C)CC[C@]2(C(=O)O[C@@H]3O[C@H](CO)[C@@H](O)[C@H](O)[C@H]3O)CC[C@]3(C(=O)O)C(=CC[C@@H]4[C@@]5(C)CC[C@H](O[C@@H]6O[C@H](C)[C@H](O)[C@H](O)[C@H]6O)C(C)(C)[C@@H]5CC[C@]43C)[C@H]12,40000,Nipah virus
C[C@H]1[C@H](C)CC[C@]2(C(=O)O)CC[C@]3(C(=O)O)C(=CC[C@@H]4[C@@]5(C)CC[C@H](O[C@@H]6O[C@H](CO)[C@@H](O)[C@H](O)[C@H]6O)C(C)(C)[C@@H]5CC[C@]43C)[C@H]12,51000,Nipah virus
CCOC(=O)/C=C/c1cc(C(=O)c2ccc(F)cc2)cn1C,165936.5459,Nipah virus
NC(=O)c1cn([C@@H]2O[C@H](CO)[C@@H](O)[C@H]2O)c2ncnc(N)c12,64.66632178,Nipah virus
CCCN(CCC)CCn1c2ccccc2c2nc3ccccc3nc21,1288.25,Nipah virus
CCCCCCCCCC(=O)Oc1ccc(/C=C/C(=O)CC(=O)/C=C/c2ccc(OC(=O)CCCCCCCCC)c(OC)c2)cc1OC,147,Nipah virus
COc1cc(/C=C/C(=O)CC(=O)/C=C/c2ccc(OC(=O)[C@H](Cc3ccccc3)NC(=O)[C@@H](N)Cc3c[nH]c4ccccc34)c(OC)c2)ccc1OC(=O)[C@H](Cc1ccccc1)NC(=O)[C@@H](N)Cc1c[nH]c2ccccc12,11,Nipah virus
Nc1nc(C[C@H](O)CO)nc2nc[nH]c12,1911954.495,Nipah virus
c1ccc2nc3c(nc2c1)c1ccccc1n3CCN1CCCCCC1,1288.25,Nipah virus
CN1CCN(CCn2c3ccccc3c3nc4ccccc4nc32)CC1,1380.38,Nipah virus
CC1CCCCN1CCn1c2ccccc2c2nc3ccccc3nc21,1258.93,Nipah virus
CC1CCN(CCn2c3ccccc3c3nc4ccccc4nc32)CC1,1584.89,Nipah virus
C[C@H](NP(=O)(OC[C@H]1O[C@@H](n2cnc(C(N)=O)n2)[C@H](O)[C@@H]1O)Oc1cccc2ccccc12)C(=O)OCc1ccccc1,20000,Nipah virus
NC(=O)c1ncn([C@@H]2O[C@H](COP(=O)(NCC(=O)OCc3ccccc3)Oc3cccc4ccccc34)[C@@H](O)[C@H]2O)n1,20000,Nipah virus
Nc1ncnc2c1ncn2[C@@H]1O[C@H](CO)[C@@H](O)[C@@H]1O,74836.2956,Nipah virus
CN(C)CCn1c2ccccc2c2nc3ccccc3nc21,1445.44,Nipah virus
CCN(CC)CCn1c2ccccc2c2nc3ccccc3nc21,1288.25,Nipah virus
CCCCN(C)CCn1c2ccccc2c2nc3ccccc3nc21,1445.44,Nipah virus
CCCCN(CC)CCn1c2ccccc2c2nc3ccccc3nc21,3162.28,Nipah virus
c1ccc2nc3c(nc2c1)c1ccccc1n3CCN1CCCC1,1318.26,Nipah virus
c1ccc2nc3c(nc2c1)c1ccccc1n3CCN1CCCCC1,1348.96,Nipah virus
C1CCC2(CC1)CCCN2CC12CC3CC(CC(C3)C1)C2,347838.1857,Nipah virus
CC1(C)CCCN1CC12CC3CC(CC(C3)C1)C2,404154.7104,Nipah virus
Cn1c(C(=O)NCCC#N)ccc1[N+](=O)[O-],1350135.014,Nipah virus
C[C@H](O)C1=C[C@@H](n2cnc3c(N)ncnc32)[C@H](O)[C@@H]1O,901.6156953,Nipah virus
Nc1ncnc2c1ncn2CC(O)CO,95597.72477,Nipah virus
COc1cc(/C=C/C(=O)/C=C(O)/C=C/c2ccc(O)c(OC)c2)ccc1O,10,Nipah virus
Cl.Cn1cc(NC(=O)c2cc(NC(=O)CF)cn2C)cc1C(=O)NCCC(=N)N,233715.8483,Nipah virus
COc1cc(OC)cc(C(=O)N/N=C/c2ccccc2Cl)c1,41410.46555,Nipah virus
CC(C(=O)NCc1ccccc1)c1cccc(C(OC(=O)NCc2ccccc2)c2ccccc2)c1,3000,Nipah virus
COc1cc(OC)cc(C(=O)N/N=C/c2ccccc2)c1,22862.36854,Nipah virus
C[C@H](O)C1=C[C@@H](n2cnc3c(N)nc(F)nc32)[C@H](O)[C@@H]1O,54187.69262,Nipah virus
Nc1nc(Cl)nc2c1ncn2[C@@H]1C=C(CO)[C@@H](O)[C@H]1O,211622.4387,Nipah virus
Nc1ncnc2c1ncn2CCC(O)CO,895896.7927,Nipah virus
O=c1c2ccccc2nc(-c2ccccc2)n1/N=C/c1ccccc1O,43940.59232,Nipah virus
COc1ccc(-c2cn3c(O)c4ncn(COCCO)c4nc3n2)c(OC)c1,41517.46328,Nipah virus
Nc1ncnc2c1ccn2C1OC(CO)CC1O,79916.88644,Nipah virus
O=c1[nH]cnc2c1ncn2[C@H]1CC[C@@H](CO)O1,792000,Nipah virus
COc1cc2cc3c(c(-c4ccc5c(c4)OCO5)c2cc1OC)C(=O)CO3,330,Nipah virus
O=C(O)c1cc(-c2ccc(Br)cc2)nc2ccc(Cl)cc12,2200,Nipah virus
CSc1nc2[nH]nc([N+](=O)[O-])c(=O)n2n1,408000,Nipah virus
NC(=O)C(N)O,2000000,Nipah virus
NC(=O)c1ncn([C@@H]2O[C@H](CO)[C@@H](O)[C@H]2O)n1,327.5869129,Nipah virus
NC1=NCNc2c1ncn2CC(O)CO,94688.00303,Nipah virus
Nc1ncnc2c1CCN2[C@@H]1O[C@H](CSCCC(N)C(=O)O)C[C@H]1O,54134.52429,Nipah virus
COC(=O)C(CCSC[C@@H]1C[C@@H](O)[C@H](n2ccc3c(N)ncnc32)O1)NC(=O)C(F)(F)F,41887.44843,Nipah virus
O=c1[nH]c(=O)n([C@H]2C[C@H](O)[C@@H](CO)O2)cc1-c1ccoc1,169917.7598,Nipah virus
O=c1[nH]c(=O)n([C@H]2C[C@H](O)[C@@H](CO)O2)cc1-c1cccs1,12889.50472,Nipah virus
C#Cc1ccc(-c2cn([C@H]3C[C@H](O)[C@@H](CO)O3)c(=O)[nH]c2=O)s1,1196.351129,Nipah virus
C=Cc1ccc(-c2cn([C@H]3C[C@H](O)[C@@H](CO)O3)c(=O)[nH]c2=O)s1,5945.833457,Nipah virus
Cc1ccc(-c2cn([C@H]3C[C@H](O)[C@@H](CO)O3)c(=O)[nH]c2=O)s1,924.8982612,Nipah virus
C[Si](C)(C)C#Cc1ccc(-c2cn([C@H]3C[C@H](O)[C@@H](CO)O3)c(=O)[nH]c2=O)s1,1475.869533,Nipah virus
O=c1[nH]c(=O)n([C@H]2C[C@H](O)[C@@H](CO)O2)cc1-c1ccno1,372.5656224,Nipah virus
O=c1[nH]c(=O)n([C@H]2C[C@H](O)[C@@H](CO)O2)cc1-c1ccc([N+](=O)[O-])s1,14071.42656,Nipah virus
O=c1[nH]c(=O)n([C@H]2C[C@H](O)[C@@H](CO)O2)cc1-c1ccc(I)s1,160.4658093,Nipah virus
O=c1[nH]c(=O)n([C@H]2C[C@H](O)[C@@H](CO)O2)cc1-c1ccsc1,12889.50472,Nipah virus
Nc1nc2c(ncn2COCCO)c(=O)[nH]1,1411000,Nipah virus
C#CCN(CC#C)C12CC3CC(C)(CC(C1)c1ccccc13)C2,4000,Nipah virus
CC12CC3CC(N4CCCCC4)(CC(C1)c1ccccc13)C2,54000,Nipah virus
Nc1nc2c(sc3ncn([C@H]4C[C@H](O)[C@@H](CO)O4)c32)c(=O)[nH]1,100000,Nipah virus
Nc1nccc2c1ncn2[C@@H]1O[C@H](CO)[C@@H](O)[C@H]1O,2629.009239,Nipah virus
Nc1ncc(Br)c2c1ncn2[C@@H]1C=C(CO)[C@@H](O)[C@H]1O,400,Nipah virus
Nc1ncnc2c1ccn2[C@H]1C[C@H](O)[C@@H](CO)O1,499480.5402,Nipah virus
NC(=O)c1cn([C@@H]2O[C@H](CO)[C@@H](O)[C@@H]2O)c2ncnc(N)c12,4849.974133,Nipah virus
Cc1c(C(N)=O)ncn1[C@@H]1C[C@H](O)[C@@H](CO)O1,621761.658,Nipah virus
Cc1c(C(N)=O)ncn1[C@H]1C[C@H](O)[C@@H](CO)O1,621761.658,Nipah virus
COc1cc2c(O)c3c(c(-c4ccc5c(c4)OCO5)c2cc1OC)C(=O)OC3,160,Nipah virus
O=C1Nc2ccc(Cl)cc2[C@@](C#CC2CC2)(C(F)(F)F)O1,0.43,Nipah virus
O=C1O/C(=C\Cn2cc(C#Cc3ccccc3)c(=O)[nH]c2=O)C(O)=C1O,4000,Nipah virus
O=C1O/C(=C\Cn2cc(-c3ccccc3)c(=O)[nH]c2=O)C(OCc2ccccc2)=C1OCc1ccccc1,157000,Nipah virus
CC#Cc1cn(C/C=C2\OC(=O)C(OCc3ccccc3)=C2OCc2ccccc2)c(=O)[nH]c1=O,1600,Nipah virus
O=C1Nc2ccccc2/C1=N\c1cccc(Cc2cccc(/N=C3/C(=O)Nc4ccccc43)c2)c1,21029.11218,Nipah virus
O=C1Nc2ccc(F)cc2/C1=N\c1cccc(Cc2cccc(/N=C3/C(=O)Nc4ccc(F)cc43)c2)c1,19492.78158,Nipah virus
O=C1Nc2ccccc2/C1=N\c1ccc(Cc2cccc(/N=C3/C(=O)Nc4ccccc43)c2)cc1,7009.704059,Nipah virus
O=C1Nc2ccccc2/C1=N/c1ccc(C(=O)c2ccc(/N=C3\C(=O)Nc4ccccc43)cc2)cc1,102021.2969,Nipah virus
Nc1ncc(Cl)c2c1ncn2[C@@H]1C[C@H](O)[C@@H](O)[C@H]1O,8000,Nipah virus
Nc1ncc(I)c2c1ncn2[C@@H]1C[C@H](O)[C@@H](O)[C@H]1O,4000,Nipah virus
O=C([O-])c1c(Cl)c(Cl)c(Cl)c(Cl)c1-c1c2cc(I)c(=O)c(I)c-2oc2c(I)c([O-])c(I)cc12.[Na+].[Na+],8,Nipah virus
O=C(Nc1ccc(-c2nc3cc(C(=O)NC45CC6CC(C4)C(=O)C(C6)C5)ncc3[nH]2)cc1)c1ccc(Cl)cc1,1000,Nipah virus
COC(=O)c1cc(-c2ccc(Oc3ccccc3)cc2)nc2ccc(F)cc12,86460,Nipah virus
O=C(O)c1cc(-c2ccc(Oc3cccnc3)cc2)nc2ccc(F)cc12,2500,Nipah virus
O=C(O)c1cc(-c2ccc(Oc3nccs3)cc2)nc2ccc(F)cc12,14600,Nipah virus
O=C(O)c1c2c(nc3ccc(F)cc13)-c1ccc(Oc3ccccc3)cc1C2,9000,Nipah virus
O=C(O)c1cc(-c2ccc(OCc3ccccc3)cc2)nc2ccc(F)cc12,235,Nipah virus
Cc1cc(C)cc(Oc2ccc(-c3cc(C(=O)O)c4cc(F)ccc4n3)cc2)c1,522,Nipah virus
O=C(O)c1cc(-c2ccc(Oc3cccc4ccccc34)cc2)nc2ccc(F)cc12,560,Nipah virus
CC(C)(C)c1ccc(Oc2ccc(-c3cc(C(=O)O)c4cc(F)ccc4n3)cc2)cc1,65,Nipah virus
Cc1cc(-c2cc(C(=O)O)c3cc(F)ccc3n2)cc(C)c1Oc1ccccc1,23,Nipah virus
Cc1cc(Oc2ccccc2)c(C(C)C)cc1-c1cc(C(=O)O)c2cc(F)ccc2n1,1.9,Nipah virus
O=C(O)c1cc(-c2ccc(C(F)(F)F)cc2)nc2ccc(Cl)cc12,35300,Nipah virus
O=C(O)c1cc(-c2ccc(Oc3ccccc3)cc2)nc2ccc(Cl)cc12,1300,Nipah virus
O=C(O)c1cc(-c2ccc(Oc3ccccc3)cc2)nc2ccc(F)cc12,100,Nipah virus
O=C(O)c1cc(-c2ccc(Oc3ccccc3)cc2)nc2ccc(Br)cc12,3100,Nipah virus
O=C(O)c1cc(-c2ccc(Oc3ccccc3)cc2)nc2ccc(OC(F)(F)F)cc12,95600,Nipah virus
COc1ccc2nc(-c3ccc(Oc4ccccc4)cc3)cc(C(=O)O)c2c1,2611000,Nipah virus
O=C(O)c1cc(-c2ccc(Oc3ccccc3)cc2)nc2ccc([N+](=O)[O-])cc12,2000,Nipah virus
O=C(O)c1cc(-c2ccc(Oc3ccccc3)cc2)nc2ccc(C(F)(F)F)cc12,16600,Nipah virus
O=C(O)c1cc(-c2ccc(Oc3ccccc3)cc2)nc2ccccc12,1000,Nipah virus
O=C(O)c1cc(-c2ccc(Oc3ccccc3)cc2)nc2c(F)cccc12,1200,Nipah virus
O=C(O)c1cc(-c2ccc(Oc3ccccc3)cc2)nc2cc(F)ccc12,158800,Nipah virus
O=C(O)c1cc(-c2ccc(Oc3ccccc3)cc2)nc2cc(F)c(F)cc12,1600,Nipah virus
COc1ccc(-c2cc(C(=O)O)c3cc(F)ccc3n2)cc1,6400,Nipah virus
CCOc1ccc(-c2cc(C(=O)O)c3cc(F)ccc3n2)cc1,600,Nipah virus
CCCOc1ccc(-c2cc(C(=O)O)c3cc(F)ccc3n2)cc1,19000,Nipah virus
CCCCOc1ccc(-c2cc(C(=O)O)c3cc(F)ccc3n2)cc1,2100,Nipah virus
O=C(O)c1cc(-c2ccc(OCC3CC3)cc2)nc2ccc(F)cc12,6800,Nipah virus
O=C(O)c1cc(-c2ccc(OC(F)(F)F)cc2)nc2ccc(F)cc12,1000,Nipah virus
O=C(O)c1cc(-c2ccc(Oc3ccc(Cl)cc3)cc2)nc2ccc(F)cc12,2000,Nipah virus
O=C(O)c1cc(-c2ccc(Oc3ccc([N+](=O)[O-])cc3)cc2)nc2ccc(F)cc12,4900,Nipah virus
O=C(O)c1cc(-c2ccc(Oc3ccc4c(c3)OCO4)cc2)nc2ccc(F)cc12,900,Nipah virus
O=C(O)c1cc(-c2ccc(Oc3ccccc3F)cc2)nc2ccc(F)cc12,300,Nipah virus
O=C(O)c1cc(-c2ccc(Oc3cccc(F)c3)cc2)nc2ccc(F)cc12,100,Nipah virus
O=C(O)c1cc(-c2ccc(Oc3ccc(F)cc3)cc2)nc2ccc(F)cc12,1000,Nipah virus
O=C(O)c1cc(-c2ccc(Oc3ccccn3)cc2)nc2ccc(F)cc12,22900,Nipah virus
CCCOc1ccc(-c2cc(C(=O)O)c3cc(Cl)ccc3n2)cc1,4650,Nipah virus
COc1ccc(-c2cc(C(=O)O)c3cc(Cl)ccc3n2)cc1,7100,Nipah virus
CCOc1ccc(-c2cc(C(=O)O)c3cc(Cl)ccc3n2)cc1,5700,Nipah virus
CCCCOc1ccc(-c2cc(C(=O)O)c3cc(Cl)ccc3n2)cc1,6300,Nipah virus
O=C(O)c1cc(-c2ccc(OC(F)(F)F)cc2)nc2ccc(Cl)cc12,479,Nipah virus
O=C(O)c1cc(-c2ccc(F)cc2)nc2ccc(Cl)cc12,1770,Nipah virus
Cc1ccc(-c2cc(C(=O)O)c3cc(Cl)ccc3n2)cc1,8650,Nipah virus
CCc1ccc(-c2cc(C(=O)O)c3cc(Cl)ccc3n2)cc1,5700,Nipah virus
O=C(Nc1ccc(-c2nc3cc(NC(=O)C45CC6CC(CC(C6)C4)C5)ncc3[nH]2)cc1)C12CC3CC(C1)C(O)C(C3)C2,1000,Nipah virus
C[C@@H](O)C[C@H]1C[C@@H](n2cnc3c(N)ncnc32)[C@H](O)[C@@H]1O,4800,Nipah virus
C[C@H](O)C[C@H]1C[C@@H](n2cnc3c(N)ncnc32)[C@H](O)[C@@H]1O,1600,Nipah virus
O=C(Nc1ccc(-c2nc3cc(NC(=O)C4CCCCC4)ccc3[nH]2)cc1)C1CCCCC1,1000,Nipah virus
CC(=O)OC1CCC(C(=O)Nc2ccc(-c3nc4cc(NC(=O)C5CCC(OC(C)=O)CC5)ccc4[nH]3)cc2)CC1,1000,Nipah virus
CCCCc1nc(N)[nH]c(=O)c1Br,10000,Nipah virus
CCCCCc1nc(N)[nH]c(=O)c1Br,2000,Nipah virus
CC(C)(O)Cc1nc(N)[nH]c(=O)c1Br,45000,Nipah virus
Nc1nc(CC(O)c2ccc(Cl)cc2)c(Br)c(=O)[nH]1,45000,Nipah virus
COc1ccc(/C=C/c2nc(N)[nH]c(=O)c2Br)cc1OC,45000,Nipah virus
CCCCCC(O)C#Cc1cn(C/C=C2\OC(=O)C(OCc3ccccc3)=C2OCc2ccccc2)c(=O)[nH]c1=O,40000,Nipah virus
CCCCCc1cc2cn(C/C=C3\OC(=O)C(OCc4ccccc4)=C3OCc3ccccc3)c(=O)nc2o1,40000,Nipah virus
CN1CCC(Nc2ncc3ncnc(Nc4ccc(F)c(Cl)c4)c3n2)CC1,30900,Nipah virus
Nc1ncnc2c1ccn2[C@@H]1O[C@H](CO)[C@@H](O)[C@H]1O,26.29009239,Nipah virus
Nc1nccc2c1ncn2[C@@H]1C[C@H](CO)[C@@H](O)[C@H]1O,2648.605698,Nipah virus
O=C(Nc1cc2nc(-c3ccc(NC(=O)C45CC6CC(CC(C6)C4)C5)cc3)[nH]c2cn1)c1ccccn1,1000,Nipah virus
Nc1ccnc2c1ncn2[C@@H]1C[C@H](CO)[C@@H](O)[C@H]1O,75674.44852,Nipah virus
CC(C)[C@H](NC(=O)OC(C)(C)C)c1cc(Cn2ccc(=O)n(C(=O)c3ccccc3)c2=O)on1,170796.7813,Nipah virus
Nc1nccc2c1ncn2C1C=C(CO)C(O)C1O,76.2572921,Nipah virus
COc1cc([C@@H]2c3cc4c(cc3[C@H](O)[C@H]3COC(=O)[C@H]23)OCO4)cc(OC)c1O,250,Nipah virus
Nc1ncnc2c1ncn2[C@@H]1C=C[C@@H](O)[C@H]1O,4287.613086,Nipah virus
CN1[C@@H]2CC[C@H]1C[C@@H](OC(c1ccc(F)cc1)c1ccc(F)cc1)C2,49000,Nipah virus
NC(=O)c1cn([C@H]2C[C@H](O)[C@@H](CO)O2)c2ncnc(N)c12,3409.710857,Nipah virus
N#Cc1cn([C@H]2C[C@H](O)[C@@H](CO)O2)c2ncnc(N)c12,290.6237512,Nipah virus
O=c1[nH]c(=O)n([C@@H]2O[C@@H]3COP(=O)(O)O[C@H]3[C@H]2O)cc1F,462734.4521,Nipah virus
CC#Cc1nc2c(N)ncnc2n1[C@H]1C[C@H](O)[C@@H](CO)O1,518492.9139,Nipah virus
CCCCCc1nc2c(N)ncnc2n1[C@H]1C[C@H](O)[C@@H](CO)O1,217810.6914,Nipah virus
CCCc1nc2c(N)ncnc2n1[C@H]1C[C@H](O)[C@@H](CO)O1,1363651.86,Nipah virus
CCCC#Cc1nc2c(N)ncnc2n1[C@H]1C[C@H](O)[C@@H](CO)O1,220576.6504,Nipah virus
CCCCCC#Cc1nc2c(N)ncnc2n1[C@H]1C[C@H](O)[C@@H](CO)O1,57903.87956,Nipah virus
CC(C)(C)C(=O)OCn1nc([C@@H]2O[C@H](CO)[C@@H](O)[C@H]2O)c2ncnc(N)c21,78659.63974,Nipah virus
Nc1nccn2c([C@@H]3O[C@H](CO)[C@@H](O)[C@H]3O)nnc12,374181.478,Nipah virus
N.Nc1nc(=O)n([C@@H]2O[C@@H]3CO[PH](O)(O)O[C@H]3[C@H]2O)cc1F,5000000,Nipah virus
O=c1[nH]c(=O)n([C@H]2C[C@H](O)[C@@H](CO)O2)cc1/C=C/Br,12.00696404,Nipah virus
CCOC(=O)/C=C/c1cc(C(=O)c2ccc(OC)cc2)cn1C,47869.79416,Nipah virus
Nc1cc2[nH]cnc2c(=O)[nH]1,13320.90049,Nipah virus
CCCCCOC(=O)C(O)Cn1cnc2c(N)ncnc21,3409.129649,Nipah virus
Nc1ncnc2c1ncn2C[C@@H](O)CO,47798.86239,Nipah virus
O=c1[nH]c(=O)n(C2C=CC(O)C2)cc1-c1cccs1,4000,Nipah virus
CCOC(=O)C(O)Cn1cnc2c(N)ncnc21,3980.099502,Nipah virus
O=c1ccn(C[C@H](O)CO)c(=O)[nH]1,2148573.884,Nipah virus
Nc1ccn(CC(O)CO)c(=O)n1,2160060.482,Nipah virus
CC(=O)OC[C@H](Cn1cnc2c(N)ncnc21)OC(C)=O,1022913.257,Nipah virus
CCC(=O)OCC(Cn1cnc2c(N)ncnc21)OC(=O)CC,933590.5894,Nipah virus
COC(CO)Cn1cnc2c(N)ncnc21,1343845.189,Nipah virus
COCC(Cn1cnc2c(N)ncnc21)OC,1264435.64,Nipah virus
[N-]=[N+]=NCC(O)Cn1cnc2c(N)ncnc21,853898.0446,Nipah virus
[N-]=[N+]=NCC(Cn1cnc2c(N)ncnc21)N=[N+]=[N-],1542971.764,Nipah virus
Nc1ncnc2c1ncn2CC(N)CO,480261.2621,Nipah virus
NCC(O)Cn1cnc2c(N)ncnc21,960522.5243,Nipah virus
Nc1ncnc2c1ncn2CC[C@H](O)CO,447948.3963,Nipah virus
Nc1ncnc2c1ncn2C(CO)CO,1433965.872,Nipah virus
CC(N)C(=O)n1cnc2c(N)ncnc21,484942.5343,Nipah virus
C[C@@H](O)C(=O)n1cnc2c(N)ncnc21,1447946.329,Nipah virus
O=C(c1ccccc1)n1c(=O)ccn(Cc2cn(C[C@H](OCc3ccccc3)[C@@H](O)P(=O)(OCc3ccccc3)OCc3ccccc3)nn2)c1=O,9000,Nipah virus
c1ccc(-c2nc3ccccc3n2[C@H]2CCCN3CCCC[C@H]23)cc1,68000,Nipah virus
C1=C2CCCN[C@H]2[C@@H]2C[C@H]1[C@H]1CCCCN1C2,102700,Nipah virus
O=c1ccn([C@H]2S[C@@H](CO)[C@H](O)[C@H]2O)c(=O)[nH]1,1536865.563,Nipah virus
O=c1ccn([C@@H]2S[C@@H](CO)[C@H](O)[C@H]2O)c(=O)[nH]1,1536865.563,Nipah virus
Nc1ncnc2c1ncn2[C@@H]1S[C@@H](CO)[C@H](O)[C@H]1O,1411880.978,Nipah virus
Nc1ncnc2c1ncn2[C@H]1S[C@@H](CO)[C@H](O)[C@H]1O,1411880.978,Nipah virus
Nc1ccn(C2S[C@@H](CO)[C@H](O)[C@H]2O)c(=O)n1,1542674.226,Nipah virus
CCn1c(=O)c2c(no[n+]2[O-])n([C@@H]2O[C@H](COC(C)=O)[C@H](OC(C)=O)[C@H]2OC(C)=O)c1=O,1038000,Nipah virus
O=c1[nH]c(=O)n([C@@H]2O[C@H](COCc3ccccc3)[C@@H](OCc3ccccc3)[C@H]2OCc2ccccc2)c2no[n+]([O-])c12,736000,Nipah virus
CC(=O)OC[C@H]1O[C@@H](n2c(=O)[nH]c(=O)c3c2no[n+]3[O-])[C@H](OC(C)=O)[C@@H]1OC(C)=O,345000,Nipah virus
O=c1[nH]c(=O)n([C@@H]2O[C@H](CO)[C@@H](O)[C@H]2O)c2no[n+]([O-])c12,78000,Nipah virus
Cn1c(=O)c2c(no[n+]2[O-])n([C@@H]2O[C@H](COCc3ccccc3)[C@@H](OCc3ccccc3)[C@H]2OCc2ccccc2)c1=O,473000,Nipah virus
CC(=O)OC[C@H]1O[C@@H](n2c(=O)n(C)c(=O)c3c2no[n+]3[O-])[C@H](OC(C)=O)[C@@H]1OC(C)=O,346000,Nipah virus
CCn1c(=O)c2c(no[n+]2[O-])n([C@@H]2O[C@H](COCc3ccccc3)[C@@H](OCc3ccccc3)[C@H]2OCc2ccccc2)c1=O,498000,Nipah virus
CCn1c(=O)c2c(no[n+]2[O-])n([C@@H]2O[C@H](COC(C)=O)[C@@H](OC(C)=O)[C@H]2OC(C)=O)c1=O,1230000,Nipah virus
CCn1c(=O)c2c(no[n+]2[O-])n([C@@H]2O[C@H](COC(C)=O)[C@@H](OC(C)=O)[C@H](OC(C)=O)[C@H]2OC(C)=O)c1=O,1214000,Nipah virus
CC(=O)OCCOCn1c(=O)[nH]c(=O)c2c1no[n+]2[O-],651000,Nipah virus
O=c1[nH]c(=O)n(COCCO)c2no[n+]([O-])c12,636000,Nipah virus
CC(=O)OCCOCn1c(=O)n(C)c(=O)c2c1no[n+]2[O-],650000,Nipah virus
CCn1c(=O)c2c(no[n+]2[O-])n(COC(COC(C)=O)COC(C)=O)c1=O,651000,Nipah virus
O=c1[nH]c(=O)n(COC(CO)CO)c2no[n+]([O-])c12,555000,Nipah virus
CC(=O)OC[C@H]1O[C@H](n2c(=O)[nH]c(=O)c3c2no[n+]3[O-])[C@@H](OC(C)=O)[C@@H]1OC(C)=O,691000,Nipah virus
CCn1c(=O)c2c(no[n+]2[O-])n([C@H]2O[C@H](COC(C)=O)[C@@H](OC(C)=O)[C@@H]2OC(C)=O)c1=O,574000,Nipah virus
CC(=O)OC[C@@H]1O[C@@H](n2c(=O)[nH]c(=O)c3c2no[n+]3[O-])[C@H](OC(C)=O)[C@H]1OC(C)=O,154000,Nipah virus
CC(=O)OC[C@@H]1O[C@@H](n2c(=O)n(C)c(=O)c3c2no[n+]3[O-])[C@H](OC(C)=O)[C@H]1OC(C)=O,135000,Nipah virus
Cn1c(=O)c2c(no[n+]2[O-])n([C@@H]2O[C@H](COCc3ccccc3)[C@@H](OCc3ccccc3)[C@@H]2F)c1=O,1500000,Nipah virus
COc1cccc(-c2cn3c(O)c4ncn(COCCO)c4nc3n2)c1,675390.4601,Nipah virus
Cc1c(C(N)=O)ncn1COCCO,903569.0979,Nipah virus
Cc1cn([C@H]2S[C@@H](CO)[C@H](O)[C@H]2O)c(=O)[nH]c1=O,1458257.382,Nipah virus
Cc1cn([C@@H]2S[C@@H](CO)[C@H](O)[C@H]2O)c(=O)[nH]c1=O,1458257.382,Nipah virus
Nc1ccn([C@@H]2CS[C@H](CO)[C@H]2F)c(=O)n1,38445.8578,Nipah virus
O=c1[nH]c(=O)n([C@@H]2O[C@H](CO)[C@@H](O)[C@@H]2O)cc1C#Cc1ccc2c3cccc4cccc(c5cccc1c52)c43,2,Nipah virus
O=c1[nH]c(=O)n([C@H]2C[C@H](O)[C@@H](CO)O2)cc1C#Cc1ccc2c3cccc4cccc(c5cccc1c52)c43,2,Nipah virus
Nc1ncnc2c1ncn2[C@@H]1O[C@H](/C=C/I)[C@@H](O)[C@H]1O,5139.406399,Nipah virus
Cc1c(-c2ccc(-c3ccccc3F)cc2)nc2ccc(F)cc2c1C(=O)O,78,Nipah virus
Cc1c(-c2ccc(Oc3ccccc3)cc2)nc2ccc(F)cc2c1C(=O)O,7200,Nipah virus
O=C1O/C(=C\Cn2cc(-c3ccc(Cl)o3)c(=O)[nH]c2=O)C(OCc2ccccc2)=C1OCc1ccccc1,150000,Nipah virus
CCCCc1ccc(C#Cc2cn(C/C=C3\OC(=O)C(OCc4ccccc4)=C3OCc3ccccc3)c(=O)[nH]c2=O)cc1,8000,Nipah virus
O=C1O/C(=C\Cn2cc(/C=C/Br)c(=O)[nH]c2=O)C(OCc2ccccc2)=C1OCc1ccccc1,150000,Nipah virus
C=CCc1cn(C/C=C2\OC(=O)C(OCc3ccccc3)=C2OCc2ccccc2)c(=O)[nH]c1=O,24000,Nipah virus
CC(C)c1ccccc1OCCN1CCCCCC1.Cl,45000,Nipah virus
Cc1ccc(-c2ccc(C(=O)NC(CN)c3ncc(CO)s3)[nH]2)cc1F,42900,Nipah virus
Nc1nccc2c1ncn2[C@H]1C=C[C@H](O)[C@@H]1O,861.1780916,Nipah virus
NCC(NC(=O)c1ccc(-c2cc(F)c(Cl)c(F)c2)[nH]1)c1ncc(CO)s1,26000,Nipah virus
Cl.Fc1cc(NCC23CC4CC(CC(C4)C2)C3)cc(C(F)(F)F)c1,12000,Nipah virus
Cl.FC(F)(F)c1cc(Cl)cc(NCC23CC4CC(CC(C4)C2)C3)c1,12000,Nipah virus
Cc1cn(Cc2cc([C@H](Cc3ccccc3)NC(=O)OC(C)(C)C)no2)c(=O)n(C(=O)c2ccccc2)c1=O,14964.75555,Nipah virus
COc1cccc(CN2CCCC3=C[C@H]4C[C@H](CN5CCCC[C@H]45)[C@@H]32)c1,59000,Nipah virus
Clc1ccc(CCN2CCCC3=C[C@H]4C[C@H](CN5CCCC[C@H]45)[C@@H]32)cc1Cl,44000,Nipah virus
Cc1ccccc1CN1CCCC2=C[C@H]3C[C@H](CN4CCCC[C@H]34)[C@@H]21,39000,Nipah virus
Clc1ccc(CCN2CCCC3=C[C@H]4C[C@H](CN5CCCC[C@H]45)[C@@H]32)cc1,52200,Nipah virus
C1=C2CCCN(Cc3ccccc3)[C@H]2[C@@H]2C[C@H]1[C@H]1CCCCN1C2,28300,Nipah virus
Clc1ccc(CN2CCCC3=C[C@H]4C[C@H](CN5CCCC[C@H]45)[C@@H]32)cc1,77800,Nipah virus
O=C(c1ccc(Cl)c(Cl)c1)N1CCCC2=C[C@H]3C[C@H](CN4CCCC[C@H]34)[C@@H]21,98600,Nipah virus
Clc1ccc(CCCN2CCCC3=C[C@H]4C[C@H](CN5CCCC[C@H]45)[C@@H]32)cc1Cl,23000,Nipah virus
Clc1cc(Cl)cc(CN2CCCC3=C[C@H]4C[C@H](CN5CCCC[C@H]45)[C@@H]32)c1,34300,Nipah virus
O=S(=O)(c1ccc(Cl)c(Cl)c1)N1CCCC2=C[C@H]3C[C@H](CN4CCCC[C@H]34)[C@@H]21,45400,Nipah virus
Clc1cc(Cl)cc(CCN2CCCC3=C[C@H]4C[C@H](CN5CCCC[C@H]45)[C@@H]32)c1,42500,Nipah virus
O=C(c1ccc(Cl)cc1)N1CCCC2=C[C@H]3C[C@H](CN4CCCC[C@H]34)[C@@H]21,89600,Nipah virus
Clc1cc(Cl)cc(CCCN2CCCC3=C[C@H]4C[C@H](CN5CCCC[C@H]45)[C@@H]32)c1,19600,Nipah virus
Clc1ccc(CN2CCCC3=C[C@H]4C[C@H](CN5CCCC[C@H]45)[C@@H]32)c(Cl)c1,10600,Nipah virus
O=S(=O)(c1cc(Cl)cc(Cl)c1)N1CCCC2=C[C@H]3C[C@H](CN4CCCC[C@H]34)[C@@H]21,31300,Nipah virus
CN[C@@H]1CC[C@H](c2ccc(Cl)c(Cl)c2)c2ccccc21.Cl,28600,Nipah virus
C[C@H]1CC/C(O)=C2/C(=O)O[C@]34C[C@H](C)[C@]5(C)O[C@]23[C@H](C1=O)[C@@H](S[C@H]1[C@H]2[C@H](O)[C@@]3(C)O[C@@]67/C(=C(/O)CC[C@H](C)C(=O)[C@H]16)C(=O)O[C@@]27C[C@@H]3C)[C@H]4[C@@H]5O,24000,Nipah virus
C[C@H]1CCC(=O)C2=C3O[C@@]4(C)[C@@H](C)C[C@]3(OC2=O)[C@@H]([C@H](S[C@H]2[C@H]3[C@H](O)[C@@]5(C)O[C@@]67/C(=C(/O)CC[C@H](C)C(=O)[C@H]26)C(=O)O[C@@]37C[C@@H]5C)CC1=O)[C@@H]4O,19000,Nipah virus
O=S(=O)(c1ccc(Cl)cc1)N1CCCC2=C[C@H]3C[C@H](CN4CCCC[C@H]34)[C@@H]21,104000,Nipah virus
FC(F)(F)Oc1ccc(CN2CCCC3=C[C@H]4C[C@H](CN5CCCC[C@H]45)[C@@H]32)cc1,22400,Nipah virus
Fc1ccc(CN2CCCC3=C[C@H]4C[C@H](CN5CCCC[C@H]45)[C@@H]32)cc1,107200,Nipah virus
Clc1ccc(CCCN2CCCC3=C[C@H]4C[C@H](CN5CCCC[C@H]45)[C@@H]32)cc1,49900,Nipah virus
O=C1O/C(=C\Cn2cc(-c3ccc(Br)o3)c(=O)[nH]c2=O)C(OCc2ccccc2)=C1OCc1ccccc1,70000,Nipah virus
C=C=Cc1cn(C/C=C2\OC(=O)C(OCc3ccccc3)=C2OCc2ccccc2)c(=O)[nH]c1=O,8000,Nipah virus
Nc1ncnc2c1ncn2CC(O)C(=O)OCc1ccco1,13189.13216,Nipah virus
Nc1nc(F)nc2c1ncn2[C@@H]1C=C(CO)[C@@H](O)[C@H]1O,888.8888889,Nipah virus
CCCOC(=O)C(O)Cn1cnc2c(N)ncnc21,3769.744034,Nipah virus
Nc1ncnc2c1ncn2CCCO,1035143.109,Nipah virus
CCN1CC23C=CC(O2)C(C(=O)N/N=C2\C[C@H]4CC[C@]2(C)C4(C)C)C3C1=O,790000,Nipah virus
CC1(C)[C@@H]2CC[C@@]1(C)/C(=N/NC(=O)c1ccccc1)C2,780000,Nipah virus
CC12C=CC3(CN(Cc4ccccc4)C(=O)C3C1C(=O)N/N=C1\C[C@H]3CC[C@]1(C)C3(C)C)O2,147000,Nipah virus
COC(=O)c1c(-c2c(Cl)cccc2Cl)noc1-c1cnn(-c2cccc(Cl)c2)c1C(F)(F)F,2.4,Nipah virus
CC12C=CC3(CN(c4ccccc4)C(=O)C3C1C(=O)N/N=C1\C[C@H]3CC[C@]1(C)C3(C)C)O2,96000,Nipah virus
CC(C)[C@@H]1CC[C@@H](C)C23CC[C@@](C)(O[C@@H]4O[C@H](C)[C@H](O)[C@H](O)[C@H]4O)[C@@H]2[C@@H]13,97690.70039,Nipah virus
COc1cc([C@@H]2c3cc4c(cc3[C@@H](OC)[C@H]3COC(=O)[C@@H]23)OCO4)cc(OC)c1OC,2300,Nipah virus
COc1cc([C@@H]2c3cc4c(cc3[C@H](OC)[C@H]3COC(=O)[C@H]23)OCO4)cc(OC)c1OC,930,Nipah virus
Nc1ncnc2c([C@@H]3O[C@H](CO)[C@@H](O)[C@H]3O)[nH]nc12,7483.62956,Nipah virus
CC(=O)OC[C@H]1O[C@@H](n2cc(-c3cc(-c4ccc(C(C)C)cc4)no3)c(=O)[nH]c2=O)C[C@@H]1OC(C)=O,60.30150754,Nipah virus
CC(=O)OC[C@H]1O[C@@H](n2cc(-c3cc(-c4ccc(C(C)(C)C)cc4)no3)c(=O)[nH]c2=O)C[C@@H]1OC(C)=O,58.64758665,Nipah virus
Nc1ncnc2c1ncn2[C@@H]1O[C@H](CO)[C@@H](O)[C@H]1O,7483.62956,Nipah virus
C[C@H](C(=O)O)[C@@H]1CC[C@@](C)(CC[C@@]2(O)[C@H](C)CC[C@@]3(C)C(C)(C)CCC[C@]23C)OO1,588.7617164,Nipah virus
COc1cc([C@@H]2c3cc4c(c(OC)c3C[C@H]3COC(=O)[C@@H]32)OCO4)cc(OC)c1OC,23,Nipah virus
COc1cc([C@@H]2c3cc4c(cc3[C@@H](OC(C)=O)[C@H]3CSC(=O)[C@H]23)OCO4)cc(OC)c1OC,220,Nipah virus
CC1(C)[C@@H]2CC[C@@]1(C)/C(=N/NC(=O)C1C3C=CC4(CN(Cc5ccccc5)C(=O)C14)O3)C2,750000,Nipah virus
CC(C)Nc1ccc(-c2ccc3ncc(-c4ccc(OC(C)C)cc4)n3c2)cc1,4530,Nipah virus
CC(C)Oc1ccc(-c2ccc3ncc(-c4ccc(OC(C)(C)O)cc4)n3c2)cc1,7390,Nipah virus
CC(C)OC(=O)c1ccc(-c2ccc3ncc(-c4ccc(OC(C)C)cc4)n3c2)cc1,10000,Nipah virus
COc1cc([C@@H]2c3cc4c(cc3C=C3COC(=O)[C@H]32)OCO4)cc(OC)c1OC,250,Nipah virus
CC(C)Oc1ccc(-c2ccc3ncc(-c4ccc(OC(C)C)nc4)n3c2)cc1,9950,Nipah virus
COC(=O)[C@@H]1C(CO)=Cc2cc3c(cc2[C@H]1c1cc(OC)c(OC)c(OC)c1)OCO3,460,Nipah virus
CC(C)Oc1ccc(-c2ccc3ncc(-c4ccc(OC(C)(C)C)cc4)n3c2)cc1,4840,Nipah virus
COc1ccc(N2CC34C=CC(C)(O3)C(C(=O)N/N=C3\C(C)(C)[C@H]5CC[C@]3(C)C5)C4C2=O)cc1,74000,Nipah virus
CC12C=CC3(CN(c4ccc(Br)cc4)C(=O)C3C1C(=O)N/N=C1\C[C@H]3CC[C@]1(C)C3(C)C)O2,120000,Nipah virus
CC(Nc1nc(N2CCNCC2)nc2cc(Br)ccc12)c1ccccc1,7940,Nipah virus
CC(C)Oc1ccc(-c2cnc3ccc(-c4ccc5[nH]ccc5c4)cn23)cc1,8120,Nipah virus
CC(C)Oc1ccc(-c2cnc3ccc(-c4ccc(OC(C)C)nc4)cn23)cc1,5060,Nipah virus
CC(C)Oc1ccc(-c2cnc3ccc(-c4ccc(C5(N)CC5)cc4)cn23)cc1,5060,Nipah virus
O=C(O)c1cnc2c(cnn2-c2ccccc2)c1Nc1ccccc1,2500,Nipah virus
CC12C=CC3(CN(c4ccc(Br)cc4)C(=O)C3C1C(=O)N/N=C1\C(C)(C)[C@H]3CC[C@]1(C)C3)O2,65000,Nipah virus
CC12C=CC3(CN(CCc4ccccc4)C(=O)C3C1C(=O)N/N=C1\C[C@H]3CC[C@]1(C)C3(C)C)O2,69000,Nipah virus
CC1(C)[C@@H]2CC[C@@]1(C)/C(=N/NC(=O)C1C3OC4(CN(c5ccccc5)C(=O)C14)C1OC31)C2,195000,Nipah virus
Cc1cc(-c2ccc3ncc(-c4ccc(OC(C)C)cc4)n3c2)ccc1OC(C)C,9860,Nipah virus
CC(Nc1nc(N2CCNCC2)nc2ccccc12)c1ccccc1N,39810,Nipah virus
CC12CCC3(CN(c4ccccc4)C(=O)C3C1C(=O)N/N=C1\C[C@H]3CC[C@]1(C)C3(C)C)O2,375000,Nipah virus
CC(Nc1nc(N2CCNCC2)nc2cc(-c3ccccc3)ccc12)c1ccccc1,35480,Nipah virus
CC12C=CC3(CN(c4ccccc4)C(=O)C3C1C(=O)N/N=C1\C(C)(C)[C@H]3CC[C@]1(C)C3)O2,431000,Nipah virus
CC(C)N1CC23C=CC(C)(O2)C(C(=O)N/N=C2\C[C@H]4CC[C@]2(C)C4(C)C)C3C1=O,468000,Nipah virus
CCn1c(COc2ccc(NC(=S)Nc3ccccc3)cc2)n[nH]c1=S,207511.9319,Nipah virus
c1ccc2nc3c(nc2c1)c1ccccc1n3CCN1CCOCC1,1621.81,Nipah virus
Nc1ncnc2c1ncn2C[C@H](O)CO,19119.54495,Nipah virus
COc1cc2c(OC)c3c(c(-c4ccc5c(c4)OCO5)c2cc1OC)C(=O)OC3,650,Nipah virus
COc1cc([C@@H]2c3cc4c(cc3[C@@H](OC)[C@H]3COC(=O)[C@H]23)OCO4)cc(OC)c1OC,900,Nipah virus
C[C@H](C(=O)O)[C@@H]1CC[C@](C)(CC[C@]2(C)[C@H](C)CC[C@@]3(C)C(C)(C)CCC[C@]32O)OO1,588.7617164,Nipah virus
CCCCOc1ccc(-c2nc3ncccn3c2NC2CCCCC2)cc1,36000,Nipah virus
c1ccc(-c2nc3ncccn3c2NC2CCCCC2)cc1,74000,Nipah virus
COc1ccc(-c2nc3ncccn3c2NC2CCCCC2)cc1,100000,Nipah virus
C[C@@H]1CC[C@H]2[C@@H]1[C@H]1[C@@H](CC[C@@]2(C)O[C@@H]2O[C@H](C)[C@H](O)[C@H](O)[C@H]2O)C1(C)C,37990.82793,Nipah virus
FC(F)(F)c1cc(Br)ccc1-c1nc2ncccn2c1NC1CCCCC1,24000,Nipah virus
Oc1ccc(-c2nc3ncccn3c2NC2CCCCC2)cc1,65000,Nipah virus
Fc1ccc(-c2nc3ncccn3c2NC2CCCCC2)cc1,53000,Nipah virus
Brc1ccc(-c2nc3ncccn3c2NC2CCCCC2)cc1,42000,Nipah virus
Brc1ccc(-c2nc3ncccn3c2NC2CCCCC2)c(CN2CCOCC2)c1,60000,Nipah virus
Clc1ccc(-c2nc3ncccn3c2NC2CCCCC2)cc1,36000,Nipah virus
COc1cc([C@@H]2c3cc4c(cc3C[C@H]3COC(=O)[C@H]32)OCO4)cc(OC)c1OC,2000,Nipah virus
Cc1cc(Br)ccc1-c1nc2ncccn2c1NC1CCCCC1,39000,Nipah virus
CCN(CC)CCNC(=O)CC(CC(=O)N(CC)C1Cc2ccccc2C1)c1ccc(Cl)cc1,38910,Nipah virus
COCCCCOc1ccc(-c2nc3ncccn3c2NC2CCCCC2)cc1,40000,Nipah virus
Cc1cc(Br)ccc1-c1nc2ncccn2c1Nc1ccccc1,100000,Nipah virus
O=C(O)c1cnc2c(cnn2-c2ccccc2)c1Nc1cccc(Cl)c1,1000,Nipah virus
C=CCNC(=S)Nc1ccc(OCc2n[nH]c(=S)n2-c2ccccc2)cc1,603728.0205,Nipah virus
C=CCn1c(COc2ccc(NC(=S)Nc3ccccc3)cc2)n[nH]c1=S,201242.6735,Nipah virus
CCN(CC)CCOc1ccc2c(c1)C(=O)c1cc(OCCN(CC)CC)ccc1-2.Cl.Cl,1318.26,Nipah virus
CNC(=S)Nc1ccc(NS(C)(=O)=O)c(Oc2ccccc2)c1,284535.4958,Nipah virus
Nc1ncnc2c1ncn2CC(O)C(=O)OCCO,11225.44434,Nipah virus
CS(=O)(=O)Nc1ccc(NC(=S)Nc2ccc([N+](=O)[O-])cc2)cc1Oc1ccccc1,17447.43959,Nipah virus
O=c1cnn([C@@H]2O[C@H](CO)[C@@H](O)[C@H]2O)c(=O)[nH]1,1200,Nipah virus
N#C[C@H]1OC(n2cnc3c(N)ncnc32)[C@H](O)[C@@H]1O,4576.135454,Nipah virus
C#C[C@H]1OC(n2cnc3c(N)ncnc32)[C@H](O)[C@@H]1O,535.9056806,Nipah virus
Cc1c(C(N)=O)ncn1C1O[C@H](CO)[C@@H](O)[C@H]1O,485908.6492,Nipah virus
CCCOC(=O)C(CCSC[C@H]1OC(n2ccc3c(N)ncnc32)[C@H](O)[C@@H]1O)NC(=O)COC,4019.53494,Nipah virus
CCOC(=O)C(N)CCSC[C@H]1OC(n2ccc3c(N)ncnc32)[C@H](O)[C@@H]1O,17011.76242,Nipah virus
CCOC(=O)C(CCSC[C@H]1OC(n2ccc3c(N)ncnc32)[C@H](O)[C@@H]1O)NC(=O)COC,144762.6926,Nipah virus
COC(=O)C(N)CCSC[C@H]1OC(n2ccc3c(N)ncnc32)[C@H](O)[C@@H]1O,50319.52901,Nipah virus
CCOC(=O)C(CCSC[C@H]1OC(n2ccc3c(N)ncnc32)[C@H](O)[C@@H]1O)NC(=O)C(F)(F)F,3940.964354,Nipah virus
CC(=O)NC(CCSC[C@H]1OC(n2ccc3c(N)ncnc32)[C@H](O)[C@@H]1O)C(=O)OC(C)C,21388.08684,Nipah virus
CCCCOC(=O)C(N)CCSC[C@H]1OC(n2ccc3c(N)ncnc32)[C@H](O)[C@@H]1O,15925.74055,Nipah virus
O=c1[nH]c(=O)n(C2O[C@H](CO)[C@@H](O)[C@@H]2O)cc1-c1ccc(Br)s1,148.0640624,Nipah virus
Nc1ncnc2c(C3O[C@H](CSCCC(N)C(=O)O)[C@@H](O)[C@H]3O)n[nH]c12,52026.42943,Nipah virus
CCCOC(=O)C(N)CCSC[C@H]1OC(n2ccc3c(N)ncnc32)[C@H](O)[C@@H]1O,4700.242062,Nipah virus
Nc1ncnc2c1cc(Br)n2C1O[C@H](CO)[C@@H](O)[C@H]1O,869187.3099,Nipah virus
O=c1[nH]c(=O)n(C2O[C@H](CO)[C@@H](O)[C@@H]2O)cc1-c1ccc(Cl)s1,498.9190088,Nipah virus
CC(C)OC(=O)C(CCSC[C@H]1OC(n2ccc3c(N)ncnc32)[C@H](O)[C@@H]1O)NC(=O)C(F)(F)F,9587.360025,Nipah virus
CCCOC(=O)C(CCSC[C@H]1OC(n2ccc3c(N)ncnc32)[C@H](O)[C@@H]1O)NC(C)=O,14971.66078,Nipah virus
CCOC(=O)C(CCSC[C@H]1OC(n2ccc3c(N)ncnc32)[C@H](O)[C@@H]1O)NC(C)=O,11024.87211,Nipah virus
Nc1ncnc2c1c(CCCO)cn2C1O[C@H](CO)[C@@H](O)[C@H]1O,6166.368626,Nipah virus
CC(C)OC(=O)C(N)CCSC[C@H]1OC(n2ccc3c(N)ncnc32)[C@H](O)[C@@H]1O,16450.84722,Nipah virus
COc1cc([C@@H]2c3cc4c(cc3[C@H](O)[C@H]3COC(=O)[C@H]23)OCO4)cc(OC)c1OC,100,Nipah virus
N#C/C=C/c1cn(C2O[C@H](CO)[C@@H](O)[C@H]2O)c2ncnc(N)c12,1260.596893,Nipah virus
COCC(=O)NC(CCSC[C@H]1OC(n2ccc3c(N)ncnc32)[C@H](O)[C@@H]1O)C(=O)OC(C)C,40195.3494,Nipah virus
CC(O)c1cn(C2O[C@H](CO)[C@@H](O)[C@H]2O)c2ncnc(N)c12,644.5167735,Nipah virus
C/C=C/Cc1cn(C2O[C@H](CO)[C@@H](O)[C@H]2O)c2ncnc(N)c12,218.5110036,Nipah virus
Nc1nccc2c1ncn2[C@@H]1C[C@H](CO)[C@H](O)C1O,264.8605698,Nipah virus
Nc1ccn([C@@H]2C=C(CO)[C@@H](O)[C@H]2O)c(=O)n1,1045.019437,Nipah virus
Nc1ncnc2c1ncn2[C@@H]1C(F)=C(CO)[C@@H](O)[C@H]1O,430,Nipah virus
COc1cc(-c2oc3c(OC)c(OC)cc(O)c3c(=O)c2OC)ccc1O,38000,Nipah virus
Nc1ncnc2c1ncn2[C@@H]1O[C@H](COP(=O)(O)O)[C@@H](O)[C@H]1O,5760.036864,Nipah virus
Nc1ccn([C@@H]2O[C@H](CO)[C@@H](O)[C@@H]2O)c(=O)n1,16446.01595,Nipah virus
Nc1ncnc2c1ncn2[C@@H]1C=C(CO)[C@@H](O)[C@H]1O,949.631543,Nipah virus
CCOC(=O)/C=C/c1cc(C(=O)c2ccccc2)cn1C,105883.5986,Nipah virus
CC(C)OC(=O)C(O)Cn1cnc2c(N)ncnc21,3769.744034,Nipah virus
CCCCOC(=O)C(O)Cn1cnc2c(N)ncnc21,7160.75904,Nipah virus
Nc1ncnc2c1ncn2CC(O)C(=O)OC1CCCCC1,3275.037663,Nipah virus
COCCOC(=O)C(O)Cn1cnc2c(N)ncnc21,24887.11914,Nipah virus
Cn1cc(C(=O)c2ccc(-n3ccnc3)cc2)cc1/C=C/C(=O)O,777992.1578,Nipah virus
COc1ccc(C(=O)c2cc(/C=C/C(=O)O)n(C)c2)cc1,3505082.369,Nipah virus
Cn1cc(C(=O)c2ccccc2)cc1/C=C/C(=O)O,1958710.385,Nipah virus
CCOC(=O)/C=C/c1cc(C(=O)c2ccc(N(C)C)cc2)cn1C,24509.80392,Nipah virus
CCOC(=O)/C=C/c1cc(C(=O)c2ccc(-n3ccnc3)cc2)cn1C,1431065.571,Nipah virus
COC(=O)C(O)Cn1cnc2c(N)ncnc21,4215.496164,Nipah virus
CCC(C)OC(=O)C(O)Cn1cnc2c(N)ncnc21,3580.37952,Nipah virus
CC(C)CCOC(=O)C(O)Cn1cnc2c(N)ncnc21,3409.129649,Nipah virus
Cn1cc(C(=O)c2ccc(Cl)cc2)cc1/C=C/C(=O)O,862902.1124,Nipah virus
CC(C)COC(=O)C(O)Cn1cnc2c(N)ncnc21,3580.37952,Nipah virus
CCCCCCCCOC(=O)C(O)Cn1cnc2c(N)ncnc21,1490.712859,Nipah virus
CC(C)(C)OC(=O)C(O)Cn1cnc2c(N)ncnc21,53705.6928,Nipah virus
N#Cc1cn([C@@H]2O[C@H](CO)[C@@H](O)[C@H]2O)c2ncnc(N)c12,240.3268445,Nipah virus
CN1N=C(C(=O)Nc2ccc(S(=O)(=O)N3CCCC[C@H]3CCN4CCOCC4)cc2)C=C1C(F)(F)F,2835,Nipah virus
CN1N=C(C(=O)Nc2ccc(S(=O)(=O)N3CCCC[C@H]3CCN4CCOCC4)cc2)C=C1C(F)(F)F,22,Nipah virus
CN1N=C(C(=O)Nc2ccc(S(=O)(=O)N3CCCC[C@H]3CCN4CCN(CC4)CC(=O)Cc5ccc(C#N)cc5)cc2)C=C1C(F)(F)F,1332,Nipah virus
CN1N=C(C(=O)Nc2ccc(S(=O)(=O)N3CCCC[C@H]3CCN4CCN(CC4)CC(=O)Cc5ccc(C#N)cc5)cc2)C=C1C(F)(F)F,1512,Nipah virus
